{
  "_rows": [
    [
      0,
      10,
      13,
      29,
      36,
      41,
      43,
      48,
      51,
      56,
      78,
      86,
      97,
      125,
      143,
      149,
      160,
      166,
      191,
      197
    ],
    [
      0,
      1,
      2,
      3,
      4,
      5,
      6,
      7,
      8,
      9,
      10,
      11,
      12,
      13,
      14,
      15,
      16,
      17,
      18,
      19
    ],
    [
      0,
      1,
      2,
      3,
      4,
      5,
      6,
      7,
      8,
      9,
      10,
      11,
      12,
      13,
      14,
      15,
      16,
      17,
      18,
      19
    ],
    [
      26,
      39,
      40,
      41,
      44,
      45,
      54,
      58,
      59,
      62,
      74,
      103,
      129,
      142,
      153,
      156,
      158,
      168,
      177,
      196
    ],
    [
      0,
      1,
      2,
      3,
      4,
      5,
      6,
      7,
      8,
      9,
      10,
      11,
      12,
      13,
      14,
      15,
      16,
      17,
      18,
      19
    ],
    [
      0,
      1,
      2,
      3,
      4,
      5,
      6,
      7,
      8,
      9,
      10,
      11,
      12,
      13,
      14,
      15,
      16,
      17,
      18,
      19
    ]
  ],
  "_cols": [
    [
      0,
      1,
      2,
      3,
      4,
      5,
      6
    ],
    [
      0,
      1,
      2,
      3,
      4,
      5,
      6
    ],
    [
      0,
      1,
      2,
      3,
      4,
      5,
      6
    ],
    [
      0,
      0,
      0,
      4,
      6
    ],
    [
      0,
      0,
      0,
      4,
      6
    ],
    [
      0,
      0,
      0,
      4,
      6
    ]
  ],
  "rows_score": [
    1.579979771754294,
    1.5809301035121983,
    1.5809301035121983,
    1.5804823396441279,
    0,
    0
  ],
  "cols_score": [
    0.0,
    1.579979771754294,
    1.5809301035121983,
    0,
    0,
    0
  ],
  "rows_calc_time": [
    5.2183310985565186,
    0.30315303802490234,
    0.3137240409851074,
    0,
    0.4956352710723877,
    0.4906890392303467
  ],
  "cols_calc_time": [
    5.2183310985565186,
    0.30315303802490234,
    0.3137240409851074,
    0,
    0.4956352710723877,
    0.4906890392303467
  ],
  "total_score": [
    1.579979771754294,
    1.5809301035121983,
    1.5809301035121983,
    0,
    0,
    0
  ]
}