{
  "_rows": [
    [
      0,
      1,
      2,
      6,
      8,
      9,
      10,
      12,
      13,
      19
    ],
    [
      0,
      1,
      2,
      3,
      4,
      5,
      6,
      7,
      8,
      9
    ],
    [
      0,
      1,
      2,
      3,
      4,
      5,
      6,
      7,
      8,
      9
    ],
    [
      18,
      69,
      79,
      101,
      117,
      120,
      137,
      160,
      165,
      173
    ],
    [
      0,
      1,
      2,
      3,
      4,
      5,
      6,
      7,
      8,
      9
    ],
    [
      0,
      1,
      2,
      3,
      4,
      5,
      6,
      7,
      8,
      9
    ]
  ],
  "_cols": [
    [
      0,
      1,
      2,
      3,
      4,
      5,
      6,
      7,
      8,
      9,
      10,
      11,
      12,
      13
    ],
    [
      0,
      1,
      2,
      3,
      4,
      5,
      6,
      7,
      8,
      9,
      10,
      11,
      12,
      13
    ],
    [
      0,
      1,
      2,
      3,
      4,
      5,
      6,
      7,
      8,
      9,
      10,
      11,
      12,
      13
    ],
    [
      1,
      8,
      9,
      10,
      12
    ],
    [
      1,
      8,
      9,
      10,
      12
    ],
    [
      1,
      8,
      9,
      10,
      12
    ]
  ],
  "rows_score": [
    1.8136606566870632,
    2.4581595870845545,
    2.4581595870845545,
    2.3097284807367853,
    2.6115688252658886,
    2.6115688252658886
  ],
  "cols_score": [
    0.0,
    1.8136606566870632,
    2.4581595870845545,
    2.6115688252658886,
    1.5510127532138167,
    2.6115688252658886
  ],
  "rows_calc_time": [
    6.3308868408203125,
    0.35164523124694824,
    0.332470178604126,
    0,
    0.11922073364257812,
    0.11569046974182129
  ],
  "cols_calc_time": [
    6.3308868408203125,
    0.35164523124694824,
    0.332470178604126,
    0,
    0.11922073364257812,
    0.11569046974182129
  ],
  "total_score": [
    1.8136606566870632,
    2.4581595870845545,
    2.4581595870845545,
    1.5510127532138167,
    2.6115688252658886,
    2.6115688252658886
  ]
}