{
  "_rows": [
    [
      11,
      12,
      13,
      14,
      15,
      29,
      57,
      58,
      59,
      60,
      62,
      75,
      78,
      79,
      86,
      103,
      112,
      159,
      178,
      179
    ],
    [
      0,
      1,
      2,
      3,
      4,
      5,
      6,
      7,
      8,
      9,
      10,
      11,
      12,
      13,
      14,
      15,
      16,
      17,
      18,
      19
    ],
    [
      0,
      1,
      2,
      3,
      4,
      5,
      6,
      7,
      8,
      9,
      10,
      11,
      12,
      13,
      14,
      15,
      16,
      17,
      18,
      19
    ],
    [
      0,
      1,
      10,
      13,
      28,
      29,
      47,
      54,
      67,
      72,
      126,
      131,
      132,
      137,
      139,
      149,
      150,
      191,
      193,
      198
    ],
    [
      0,
      1,
      2,
      3,
      4,
      5,
      6,
      7,
      8,
      9,
      10,
      11,
      12,
      13,
      14,
      15,
      16,
      17,
      18,
      19
    ],
    [
      0,
      1,
      2,
      3,
      4,
      5,
      6,
      7,
      8,
      9,
      10,
      11,
      12,
      13,
      14,
      15,
      16,
      17,
      18,
      19
    ]
  ],
  "_cols": [
    [
      0,
      1,
      2,
      3,
      4,
      5,
      6,
      7,
      8,
      9,
      10,
      11,
      12,
      13
    ],
    [
      0,
      1,
      2,
      3,
      4,
      5,
      6,
      7,
      8,
      9,
      10,
      11,
      12,
      13
    ],
    [
      0,
      1,
      2,
      3,
      4,
      5,
      6,
      7,
      8,
      9,
      10,
      11,
      12,
      13
    ],
    [
      2,
      6,
      8
    ],
    [
      2,
      6,
      8
    ],
    [
      2,
      6,
      8
    ]
  ],
  "rows_score": [
    0.03221985844413622,
    2.58770828331531,
    2.58770828331531,
    0.12595492533498254,
    1.8099587435264166,
    1.8099587435264166
  ],
  "cols_score": [
    0.0,
    0.03221985844413622,
    2.58770828331531,
    1.8099587435264166,
    0.08000293230436484,
    1.8099587435264166
  ],
  "rows_calc_time": [
    18.908132314682007,
    1.2292869091033936,
    1.1683177947998047,
    0,
    0.46850132942199707,
    0.48084592819213867
  ],
  "cols_calc_time": [
    18.908132314682007,
    1.2292869091033936,
    1.1683177947998047,
    0,
    0.46850132942199707,
    0.48084592819213867
  ],
  "total_score": [
    0.03221985844413622,
    2.58770828331531,
    2.58770828331531,
    0.08000293230436484,
    1.8099587435264166,
    1.8099587435264166
  ]
}