{
  "_rows": [
    [
      11,
      57,
      75,
      86,
      101,
      103,
      108,
      110,
      112,
      159
    ],
    [
      0,
      1,
      2,
      3,
      4,
      5,
      6,
      7,
      8,
      9
    ],
    [
      0,
      1,
      2,
      3,
      4,
      5,
      6,
      7,
      8,
      9
    ],
    [
      3,
      52,
      67,
      77,
      87,
      91,
      111,
      150,
      155,
      170
    ],
    [
      0,
      1,
      2,
      3,
      4,
      5,
      6,
      7,
      8,
      9
    ],
    [
      0,
      1,
      2,
      3,
      4,
      5,
      6,
      7,
      8,
      9
    ]
  ],
  "_cols": [
    [
      0,
      1,
      2,
      3,
      4,
      5,
      6,
      7,
      8,
      9,
      10,
      11,
      12,
      13
    ],
    [
      0,
      1,
      2,
      3,
      4,
      5,
      6,
      7,
      8,
      9,
      10,
      11,
      12,
      13
    ],
    [
      0,
      1,
      2,
      3,
      4,
      5,
      6,
      7,
      8,
      9,
      10,
      11,
      12,
      13
    ],
    [
      5,
      8,
      8,
      10,
      11
    ],
    [
      5,
      8,
      8,
      10,
      11
    ],
    [
      5,
      8,
      8,
      10,
      11
    ]
  ],
  "rows_score": [
    0.13578425869419986,
    70.90140348882234,
    70.90140348882234,
    0.07002180195730867,
    69.12146479177778,
    69.12146479177778
  ],
  "cols_score": [
    0.0,
    0.13578425869419986,
    70.90140348882234,
    69.12146479177778,
    0.03257956606129553,
    69.12146479177778
  ],
  "rows_calc_time": [
    10.825851678848267,
    0.5508229732513428,
    0.5505275726318359,
    0,
    0.6233654022216797,
    0.6677665710449219
  ],
  "cols_calc_time": [
    10.825851678848267,
    0.5508229732513428,
    0.5505275726318359,
    0,
    0.6233654022216797,
    0.6677665710449219
  ],
  "total_score": [
    0.13578425869419986,
    70.90140348882234,
    70.90140348882234,
    0.03257956606129553,
    69.12146479177778,
    69.12146479177778
  ]
}