{
  "_rows": [
    [
      0,
      11,
      12,
      13,
      14,
      15,
      16,
      17,
      60,
      61,
      62,
      63,
      65,
      66,
      67,
      115,
      120,
      121,
      142,
      176
    ],
    [
      0,
      1,
      2,
      3,
      4,
      5,
      6,
      7,
      8,
      9,
      10,
      11,
      12,
      13,
      14,
      15,
      16,
      17,
      18,
      19
    ],
    [
      0,
      1,
      2,
      3,
      4,
      5,
      6,
      7,
      8,
      9,
      10,
      11,
      12,
      13,
      14,
      15,
      16,
      17,
      18,
      19
    ],
    [
      4,
      34,
      54,
      56,
      62,
      69,
      73,
      78,
      100,
      133,
      139,
      140,
      142,
      150,
      155,
      160,
      169,
      188,
      191,
      196
    ],
    [
      0,
      1,
      2,
      3,
      4,
      5,
      6,
      7,
      8,
      9,
      10,
      11,
      12,
      13,
      14,
      15,
      16,
      17,
      18,
      19
    ],
    [
      0,
      1,
      2,
      3,
      4,
      5,
      6,
      7,
      8,
      9,
      10,
      11,
      12,
      13,
      14,
      15,
      16,
      17,
      18,
      19
    ]
  ],
  "_cols": [
    [
      0,
      1,
      2,
      3,
      4,
      5,
      6,
      7,
      8,
      9,
      10,
      11,
      12,
      13
    ],
    [
      0,
      1,
      2,
      3,
      4,
      5,
      6,
      7,
      8,
      9,
      10,
      11,
      12,
      13
    ],
    [
      0,
      1,
      2,
      3,
      4,
      5,
      6,
      7,
      8,
      9,
      10,
      11,
      12,
      13
    ],
    [
      3,
      3,
      7
    ],
    [
      3,
      3,
      7
    ],
    [
      3,
      3,
      7
    ]
  ],
  "rows_score": [
    0.12612595010846728,
    0.5023262476749684,
    0.5023262476749684,
    0.02524581070486487,
    0.5460685567406336,
    0.5460685567406336
  ],
  "cols_score": [
    0.0,
    0.12612595010846728,
    0.5023262476749684,
    0.5460685567406336,
    0.08577690863867982,
    0.5460685567406336
  ],
  "rows_calc_time": [
    18.730664491653442,
    1.2105491161346436,
    1.2352256774902344,
    0,
    1.434699296951294,
    1.3269977569580078
  ],
  "cols_calc_time": [
    18.730664491653442,
    1.2105491161346436,
    1.2352256774902344,
    0,
    1.434699296951294,
    1.3269977569580078
  ],
  "total_score": [
    0.12612595010846728,
    0.5023262476749684,
    0.5023262476749684,
    0.08577690863867982,
    0.5460685567406336,
    0.5460685567406336
  ]
}