{
  "_rows": [
    [
      0,
      5,
      13,
      16,
      27,
      35,
      45,
      50,
      53,
      57,
      67,
      74,
      104,
      108,
      110,
      131,
      132,
      152,
      170,
      177
    ],
    [
      0,
      1,
      2,
      3,
      4,
      5,
      6,
      7,
      8,
      9,
      10,
      11,
      12,
      13,
      14,
      15,
      16,
      17,
      18,
      19
    ],
    [
      0,
      1,
      2,
      3,
      4,
      5,
      6,
      7,
      8,
      9,
      10,
      11,
      12,
      13,
      14,
      15,
      16,
      17,
      18,
      19
    ],
    [
      1,
      2,
      3,
      18,
      28,
      33,
      44,
      49,
      58,
      61,
      91,
      104,
      108,
      124,
      136,
      159,
      168,
      179,
      192,
      198
    ],
    [
      0,
      1,
      2,
      3,
      4,
      5,
      6,
      7,
      8,
      9,
      10,
      11,
      12,
      13,
      14,
      15,
      16,
      17,
      18,
      19
    ],
    [
      0,
      1,
      2,
      3,
      4,
      5,
      6,
      7,
      8,
      9,
      10,
      11,
      12,
      13,
      14,
      15,
      16,
      17,
      18,
      19
    ]
  ],
  "_cols": [
    [
      0,
      1,
      2,
      3,
      4,
      5
    ],
    [
      0,
      1,
      2,
      3,
      4,
      5
    ],
    [
      0,
      1,
      2,
      3,
      4,
      5
    ],
    [
      0,
      4,
      4,
      5,
      5
    ],
    [
      0,
      4,
      4,
      5,
      5
    ],
    [
      0,
      4,
      4,
      5,
      5
    ]
  ],
  "rows_score": [
    0.08007631261272596,
    0.1401983717314947,
    0.1401983717314947,
    0.08922609613699678,
    0.007089909680567885,
    0.007089909680567885
  ],
  "cols_score": [
    0.0,
    0.08007631261272596,
    0.1401983717314947,
    0.007089909680567885,
    0.12127248135418045,
    0.007089909680567885
  ],
  "rows_calc_time": [
    8.461551904678345,
    0.5006632804870605,
    0.4916844367980957,
    0,
    2.0721957683563232,
    1.883924961090088
  ],
  "cols_calc_time": [
    8.461551904678345,
    0.5006632804870605,
    0.4916844367980957,
    0,
    2.0721957683563232,
    1.883924961090088
  ],
  "total_score": [
    0.08007631261272596,
    0.1401983717314947,
    0.1401983717314947,
    0.12127248135418045,
    0.007089909680567885,
    0.007089909680567885
  ]
}