{
  "_rows": [
    [
      0,
      10,
      13,
      29,
      36,
      41,
      43,
      48,
      51,
      56,
      78,
      86,
      97,
      125,
      143,
      149,
      160,
      166,
      191,
      197
    ],
    [
      0,
      1,
      2,
      3,
      4,
      5,
      6,
      7,
      8,
      9,
      10,
      11,
      12,
      13,
      14,
      15,
      16,
      17,
      18,
      19
    ],
    [
      0,
      1,
      2,
      3,
      4,
      5,
      6,
      7,
      8,
      9,
      10,
      11,
      12,
      13,
      14,
      15,
      16,
      17,
      18,
      19
    ],
    [
      6,
      7,
      13,
      15,
      24,
      44,
      53,
      56,
      72,
      82,
      93,
      101,
      103,
      104,
      116,
      125,
      144,
      163,
      181,
      187
    ],
    [
      0,
      1,
      2,
      3,
      4,
      5,
      6,
      7,
      8,
      9,
      10,
      11,
      12,
      13,
      14,
      15,
      16,
      17,
      18,
      19
    ],
    [
      0,
      1,
      2,
      3,
      4,
      5,
      6,
      7,
      8,
      9,
      10,
      11,
      12,
      13,
      14,
      15,
      16,
      17,
      18,
      19
    ]
  ],
  "_cols": [
    [
      0,
      1,
      2,
      3,
      4,
      5,
      6
    ],
    [
      0,
      1,
      2,
      3,
      4,
      5,
      6
    ],
    [
      0,
      1,
      2,
      3,
      4,
      5,
      6
    ],
    [
      1,
      3,
      5
    ],
    [
      1,
      3,
      5
    ],
    [
      1,
      3,
      5
    ]
  ],
  "rows_score": [
    1.579979771754294,
    1.5809301035121983,
    1.5809301035121983,
    1.5809932851122648,
    1.5823800305883307,
    1.5823800305883307
  ],
  "cols_score": [
    0.0,
    1.579979771754294,
    1.5809301035121983,
    1.5823800305883307,
    1.5823744718007497,
    1.5823800305883307
  ],
  "rows_calc_time": [
    4.64664626121521,
    0.26146459579467773,
    0.26366639137268066,
    0,
    0.22998762130737305,
    0.22900915145874023
  ],
  "cols_calc_time": [
    4.64664626121521,
    0.26146459579467773,
    0.26366639137268066,
    0,
    0.22998762130737305,
    0.22900915145874023
  ],
  "total_score": [
    1.579979771754294,
    1.5809301035121983,
    1.5809301035121983,
    1.5823744718007497,
    1.5823800305883307,
    1.5823800305883307
  ]
}