{
  "_rows": [
    [
      0,
      38,
      40,
      43,
      62,
      70,
      74,
      79,
      101,
      110,
      114,
      124,
      128,
      129,
      130,
      137,
      140,
      157,
      165,
      188
    ],
    [
      0,
      1,
      2,
      3,
      4,
      5,
      6,
      7,
      8,
      9,
      10,
      11,
      12,
      13,
      14,
      15,
      16,
      17,
      18,
      19
    ],
    [
      0,
      1,
      2,
      3,
      4,
      5,
      6,
      7,
      8,
      9,
      10,
      11,
      12,
      13,
      14,
      15,
      16,
      17,
      18,
      19
    ],
    [
      6,
      22,
      53,
      56,
      74,
      85,
      91,
      95,
      110,
      118,
      120,
      122,
      126,
      140,
      146,
      150,
      160,
      190,
      194,
      197
    ],
    [
      0,
      1,
      2,
      3,
      4,
      5,
      6,
      7,
      8,
      9,
      10,
      11,
      12,
      13,
      14,
      15,
      16,
      17,
      18,
      19
    ],
    [
      0,
      1,
      2,
      3,
      4,
      5,
      6,
      7,
      8,
      9,
      10,
      11,
      12,
      13,
      14,
      15,
      16,
      17,
      18,
      19
    ]
  ],
  "_cols": [
    [
      0,
      1,
      2,
      3,
      4,
      5,
      6,
      7,
      8,
      9
    ],
    [
      0,
      1,
      2,
      3,
      4,
      5,
      6,
      7,
      8,
      9
    ],
    [
      0,
      1,
      2,
      3,
      4,
      5,
      6,
      7,
      8,
      9
    ],
    [
      3,
      5,
      9
    ],
    [
      3,
      5,
      9
    ],
    [
      3,
      5,
      9
    ]
  ],
  "rows_score": [
    0.19223597272840975,
    0.47305000677540243,
    0.47305000677540243,
    0.12364349392769158,
    0.6558337597067894,
    0.6558337597067894
  ],
  "cols_score": [
    0.0,
    0.19223597272840975,
    0.47305000677540243,
    0.6558337597067894,
    0.24459701087391483,
    0.6558337597067894
  ],
  "rows_calc_time": [
    13.542251110076904,
    0.6372954845428467,
    0.640310525894165,
    0,
    0.39394664764404297,
    0.4009261131286621
  ],
  "cols_calc_time": [
    13.542251110076904,
    0.6372954845428467,
    0.640310525894165,
    0,
    0.39394664764404297,
    0.4009261131286621
  ],
  "total_score": [
    0.19223597272840975,
    0.47305000677540243,
    0.47305000677540243,
    0.24459701087391483,
    0.6558337597067894,
    0.6558337597067894
  ]
}