{
  "_rows": [
    [
      0,
      1,
      4,
      5,
      14,
      38,
      40,
      42,
      54,
      75,
      98,
      101,
      113,
      126,
      157,
      160,
      165,
      194,
      195,
      196
    ],
    [
      0,
      1,
      2,
      3,
      4,
      5,
      6,
      7,
      8,
      9,
      10,
      11,
      12,
      13,
      14,
      15,
      16,
      17,
      18,
      19
    ],
    [
      0,
      1,
      2,
      3,
      4,
      5,
      6,
      7,
      8,
      9,
      10,
      11,
      12,
      13,
      14,
      15,
      16,
      17,
      18,
      19
    ],
    [
      8,
      17,
      26,
      35,
      37,
      51,
      54,
      62,
      77,
      82,
      104,
      114,
      124,
      137,
      139,
      147,
      148,
      157,
      161,
      196
    ],
    [
      0,
      1,
      2,
      3,
      4,
      5,
      6,
      7,
      8,
      9,
      10,
      11,
      12,
      13,
      14,
      15,
      16,
      17,
      18,
      19
    ],
    [
      0,
      1,
      2,
      3,
      4,
      5,
      6,
      7,
      8,
      9,
      10,
      11,
      12,
      13,
      14,
      15,
      16,
      17,
      18,
      19
    ]
  ],
  "_cols": [
    [
      0,
      1,
      2,
      3,
      4,
      5,
      6,
      7,
      8,
      9
    ],
    [
      0,
      1,
      2,
      3,
      4,
      5,
      6,
      7,
      8,
      9
    ],
    [
      0,
      1,
      2,
      3,
      4,
      5,
      6,
      7,
      8,
      9
    ],
    [
      3,
      3,
      6,
      6,
      6
    ],
    [
      3,
      3,
      6,
      6,
      6
    ],
    [
      3,
      3,
      6,
      6,
      6
    ]
  ],
  "rows_score": [
    0.14753934672749108,
    0.05163071135122327,
    0.05163071135122327,
    0.05381529198038204,
    0,
    0
  ],
  "cols_score": [
    0.0,
    0.14753934672749108,
    0.05163071135122327,
    0,
    0,
    0
  ],
  "rows_calc_time": [
    23.59735083580017,
    1.3663430213928223,
    1.2264342308044434,
    0,
    0.2184162139892578,
    0.2174220085144043
  ],
  "cols_calc_time": [
    23.59735083580017,
    1.3663430213928223,
    1.2264342308044434,
    0,
    0.2184162139892578,
    0.2174220085144043
  ],
  "total_score": [
    0.14753934672749108,
    0.05163071135122327,
    0.05163071135122327,
    0,
    0,
    0
  ]
}