{
  "_rows": [
    [
      0,
      1,
      16,
      66,
      72,
      81,
      82,
      90,
      93,
      97,
      99,
      103,
      111,
      123,
      126,
      129,
      145,
      146,
      190,
      197
    ],
    [
      0,
      1,
      2,
      3,
      4,
      5,
      6,
      7,
      8,
      9,
      10,
      11,
      12,
      13,
      14,
      15,
      16,
      17,
      18,
      19
    ],
    [
      0,
      1,
      2,
      3,
      4,
      5,
      6,
      7,
      8,
      9,
      10,
      11,
      12,
      13,
      14,
      15,
      16,
      17,
      18,
      19
    ],
    [
      25,
      49,
      55,
      97,
      99,
      102,
      104,
      117,
      119,
      128,
      129,
      134,
      144,
      160,
      171,
      176,
      185,
      194,
      197,
      198
    ],
    [
      0,
      1,
      2,
      3,
      4,
      5,
      6,
      7,
      8,
      9,
      10,
      11,
      12,
      13,
      14,
      15,
      16,
      17,
      18,
      19
    ],
    [
      0,
      1,
      2,
      3,
      4,
      5,
      6,
      7,
      8,
      9,
      10,
      11,
      12,
      13,
      14,
      15,
      16,
      17,
      18,
      19
    ]
  ],
  "_cols": [
    [
      0,
      1,
      2,
      3,
      4,
      5
    ],
    [
      0,
      1,
      2,
      3,
      4,
      5
    ],
    [
      0,
      1,
      2,
      3,
      4,
      5
    ],
    [
      0,
      1,
      2
    ],
    [
      0,
      1,
      2
    ],
    [
      0,
      1,
      2
    ]
  ],
  "rows_score": [
    0.09606509368739743,
    0.24314337964571722,
    0.24314337964571722,
    0.036683670955256265,
    0.3390550350797806,
    0.3390550350797806
  ],
  "cols_score": [
    0.0,
    0.09606509368739743,
    0.24314337964571722,
    0.3390550350797806,
    0.03305426876203779,
    0.3390550350797806
  ],
  "rows_calc_time": [
    9.558951377868652,
    0.5206437110900879,
    0.5322775840759277,
    0,
    0.2593047618865967,
    0.25731492042541504
  ],
  "cols_calc_time": [
    9.558951377868652,
    0.5206437110900879,
    0.5322775840759277,
    0,
    0.2593047618865967,
    0.25731492042541504
  ],
  "total_score": [
    0.09606509368739743,
    0.24314337964571722,
    0.24314337964571722,
    0.03305426876203779,
    0.3390550350797806,
    0.3390550350797806
  ]
}