{
  "_rows": [
    [
      0,
      1,
      2,
      4,
      7,
      34,
      35,
      40,
      74,
      128
    ],
    [
      0,
      1,
      2,
      3,
      4,
      5,
      6,
      7,
      8,
      9
    ],
    [
      0,
      1,
      2,
      3,
      4,
      5,
      6,
      7,
      8,
      9
    ],
    [
      44,
      75,
      84,
      110,
      122,
      155,
      159,
      175,
      180,
      192
    ],
    [
      0,
      1,
      2,
      3,
      4,
      5,
      6,
      7,
      8,
      9
    ],
    [
      0,
      1,
      2,
      3,
      4,
      5,
      6,
      7,
      8,
      9
    ]
  ],
  "_cols": [
    [
      0,
      1,
      2,
      3,
      4,
      5,
      6,
      7,
      8,
      9,
      10,
      11,
      12,
      13
    ],
    [
      0,
      1,
      2,
      3,
      4,
      5,
      6,
      7,
      8,
      9,
      10,
      11,
      12,
      13
    ],
    [
      0,
      1,
      2,
      3,
      4,
      5,
      6,
      7,
      8,
      9,
      10,
      11,
      12,
      13
    ],
    [
      3,
      4,
      4,
      12,
      13
    ],
    [
      3,
      4,
      4,
      12,
      13
    ],
    [
      3,
      4,
      4,
      12,
      13
    ]
  ],
  "rows_score": [
    0.022515567690034544,
    0.06968319870540005,
    0.06968319870540005,
    0.006433841324844869,
    0,
    0
  ],
  "cols_score": [
    0.0,
    0.022515567690034544,
    0.06968319870540005,
    0,
    0.15354757371595484,
    0
  ],
  "rows_calc_time": [
    18.610739707946777,
    0.7898857593536377,
    0.6508753299713135,
    0,
    0.6582291126251221,
    0.07081937789916992
  ],
  "cols_calc_time": [
    18.610739707946777,
    0.7898857593536377,
    0.6508753299713135,
    0,
    0.6582291126251221,
    0.07081937789916992
  ],
  "total_score": [
    0.022515567690034544,
    0.06968319870540005,
    0.06968319870540005,
    0.15354757371595484,
    0,
    0
  ]
}