{
  "_rows": [
    [
      0,
      1,
      2,
      3,
      4,
      6,
      7,
      19,
      80,
      84
    ],
    [
      0,
      1,
      2,
      3,
      4,
      5,
      6,
      7,
      8,
      9
    ],
    [
      0,
      1,
      2,
      3,
      4,
      5,
      6,
      7,
      8,
      9
    ],
    [
      7,
      21,
      73,
      77,
      120,
      126,
      133,
      145,
      189,
      192
    ],
    [
      0,
      1,
      2,
      3,
      4,
      5,
      6,
      7,
      8,
      9
    ],
    [
      0,
      1,
      2,
      3,
      4,
      5,
      6,
      7,
      8,
      9
    ]
  ],
  "_cols": [
    [
      0,
      1,
      2,
      3,
      4,
      5,
      6,
      7,
      8,
      9,
      10,
      11,
      12,
      13
    ],
    [
      0,
      1,
      2,
      3,
      4,
      5,
      6,
      7,
      8,
      9,
      10,
      11,
      12,
      13
    ],
    [
      0,
      1,
      2,
      3,
      4,
      5,
      6,
      7,
      8,
      9,
      10,
      11,
      12,
      13
    ],
    [
      1,
      2,
      9,
      11,
      13
    ],
    [
      1,
      2,
      9,
      11,
      13
    ],
    [
      1,
      2,
      9,
      11,
      13
    ]
  ],
  "rows_score": [
    0.08105970615601482,
    0.06008129442131527,
    0.06008129442131527,
    0.05023027586850998,
    0.048302208324895846,
    0.048302208324895846
  ],
  "cols_score": [
    0.0,
    0.08105970615601482,
    0.06008129442131527,
    0.048302208324895846,
    0.09390352181994838,
    0.048302208324895846
  ],
  "rows_calc_time": [
    7.4351115226745605,
    0.3847064971923828,
    0.348067045211792,
    0,
    0.13967084884643555,
    0.13862085342407227
  ],
  "cols_calc_time": [
    7.4351115226745605,
    0.3847064971923828,
    0.348067045211792,
    0,
    0.13967084884643555,
    0.13862085342407227
  ],
  "total_score": [
    0.08105970615601482,
    0.06008129442131527,
    0.06008129442131527,
    0.09390352181994838,
    0.048302208324895846,
    0.048302208324895846
  ]
}