{
  "_rows": [
    [
      10,
      17,
      22,
      29,
      73,
      138,
      149,
      153,
      154,
      194
    ],
    [
      0,
      1,
      2,
      3,
      4,
      5,
      6,
      7,
      8,
      9
    ],
    [
      0,
      1,
      2,
      3,
      4,
      5,
      6,
      7,
      8,
      9
    ],
    [
      5,
      14,
      38,
      59,
      75,
      87,
      103,
      118,
      156,
      170
    ],
    [
      0,
      1,
      2,
      3,
      4,
      5,
      6,
      7,
      8,
      9
    ],
    [
      0,
      1,
      2,
      3,
      4,
      5,
      6,
      7,
      8,
      9
    ]
  ],
  "_cols": [
    [
      0,
      1,
      2,
      3,
      4,
      5,
      6,
      7,
      8,
      9
    ],
    [
      0,
      1,
      2,
      3,
      4,
      5,
      6,
      7,
      8,
      9
    ],
    [
      0,
      1,
      2,
      3,
      4,
      5,
      6,
      7,
      8,
      9
    ],
    [
      1,
      1,
      4,
      6,
      7
    ],
    [
      1,
      1,
      4,
      6,
      7
    ],
    [
      1,
      1,
      4,
      6,
      7
    ]
  ],
  "rows_score": [
    0.17518214017614397,
    0.723871608973472,
    0.723871608973472,
    0.5478435303439504,
    0.598003414248176,
    0.598003414248176
  ],
  "cols_score": [
    0.0,
    0.17518214017614397,
    0.723871608973472,
    0.598003414248176,
    0.9785179096091938,
    0.598003414248176
  ],
  "rows_calc_time": [
    7.1766581535339355,
    0.31719064712524414,
    0.29517507553100586,
    0,
    0.6555085182189941,
    0.5767097473144531
  ],
  "cols_calc_time": [
    7.1766581535339355,
    0.31719064712524414,
    0.29517507553100586,
    0,
    0.6555085182189941,
    0.5767097473144531
  ],
  "total_score": [
    0.17518214017614397,
    0.723871608973472,
    0.723871608973472,
    0.9785179096091938,
    0.598003414248176,
    0.598003414248176
  ]
}