{
  "_rows": [
    [
      6,
      9,
      16,
      46,
      47,
      94,
      109,
      120,
      132,
      147,
      152,
      154,
      158,
      161,
      170,
      172,
      173,
      176,
      179,
      180
    ],
    [
      0,
      1,
      2,
      3,
      4,
      5,
      6,
      7,
      8,
      9,
      10,
      11,
      12,
      13,
      14,
      15,
      16,
      17,
      18,
      19
    ],
    [
      0,
      1,
      2,
      3,
      4,
      5,
      6,
      7,
      8,
      9,
      10,
      11,
      12,
      13,
      14,
      15,
      16,
      17,
      18,
      19
    ],
    [
      3,
      8,
      15,
      23,
      33,
      34,
      38,
      46,
      48,
      67,
      69,
      80,
      86,
      98,
      139,
      142,
      146,
      147,
      184,
      193
    ],
    [
      0,
      1,
      2,
      3,
      4,
      5,
      6,
      7,
      8,
      9,
      10,
      11,
      12,
      13,
      14,
      15,
      16,
      17,
      18,
      19
    ],
    [
      0,
      1,
      2,
      3,
      4,
      5,
      6,
      7,
      8,
      9,
      10,
      11,
      12,
      13,
      14,
      15,
      16,
      17,
      18,
      19
    ]
  ],
  "_cols": [
    [
      0,
      1,
      2,
      3,
      4,
      5,
      6
    ],
    [
      0,
      1,
      2,
      3,
      4,
      5,
      6
    ],
    [
      0,
      1,
      2,
      3,
      4,
      5,
      6
    ],
    [
      0,
      2,
      5
    ],
    [
      0,
      2,
      5
    ],
    [
      0,
      2,
      5
    ]
  ],
  "rows_score": [
    4.4789023127060315,
    5.6548354458635846,
    5.6548354458635846,
    5.137846940114457,
    0.9299316216614106,
    0.9299316216614106
  ],
  "cols_score": [
    0.0,
    4.4789023127060315,
    5.6548354458635846,
    0.9299316216614106,
    0.2847765012117538,
    0.9299316216614106
  ],
  "rows_calc_time": [
    11.280166864395142,
    0.6542882919311523,
    0.6372585296630859,
    0,
    0.44680333137512207,
    0.41568899154663086
  ],
  "cols_calc_time": [
    11.280166864395142,
    0.6542882919311523,
    0.6372585296630859,
    0,
    0.44680333137512207,
    0.41568899154663086
  ],
  "total_score": [
    4.4789023127060315,
    5.6548354458635846,
    5.6548354458635846,
    0.2847765012117538,
    0.9299316216614106,
    0.9299316216614106
  ]
}