{
  "_rows": [
    [
      11,
      12,
      15,
      29,
      57,
      59,
      63,
      75,
      86,
      100,
      101,
      102,
      103,
      108,
      110,
      112,
      120,
      121,
      159,
      169
    ],
    [
      0,
      1,
      2,
      3,
      4,
      5,
      6,
      7,
      8,
      9,
      10,
      11,
      12,
      13,
      14,
      15,
      16,
      17,
      18,
      19
    ],
    [
      0,
      1,
      2,
      3,
      4,
      5,
      6,
      7,
      8,
      9,
      10,
      11,
      12,
      13,
      14,
      15,
      16,
      17,
      18,
      19
    ],
    [
      4,
      7,
      14,
      16,
      33,
      47,
      51,
      58,
      62,
      67,
      100,
      107,
      127,
      132,
      152,
      154,
      167,
      176,
      188,
      198
    ],
    [
      0,
      1,
      2,
      3,
      4,
      5,
      6,
      7,
      8,
      9,
      10,
      11,
      12,
      13,
      14,
      15,
      16,
      17,
      18,
      19
    ],
    [
      0,
      1,
      2,
      3,
      4,
      5,
      6,
      7,
      8,
      9,
      10,
      11,
      12,
      13,
      14,
      15,
      16,
      17,
      18,
      19
    ]
  ],
  "_cols": [
    [
      0,
      1,
      2,
      3,
      4,
      5,
      6,
      7,
      8,
      9,
      10,
      11,
      12,
      13
    ],
    [
      0,
      1,
      2,
      3,
      4,
      5,
      6,
      7,
      8,
      9,
      10,
      11,
      12,
      13
    ],
    [
      0,
      1,
      2,
      3,
      4,
      5,
      6,
      7,
      8,
      9,
      10,
      11,
      12,
      13
    ],
    [
      1,
      1,
      5,
      10,
      11
    ],
    [
      1,
      1,
      5,
      10,
      11
    ],
    [
      1,
      1,
      5,
      10,
      11
    ]
  ],
  "rows_score": [
    0.10430699349631734,
    2.58770828331531,
    2.58770828331531,
    0.08235498236032934,
    2.335598424834343,
    2.335598424834343
  ],
  "cols_score": [
    0.0,
    0.10430699349631734,
    2.58770828331531,
    2.335598424834343,
    0.12579079550750705,
    2.335598424834343
  ],
  "rows_calc_time": [
    21.90609383583069,
    1.316479206085205,
    1.3639616966247559,
    0,
    2.250981330871582,
    2.657579183578491
  ],
  "cols_calc_time": [
    21.90609383583069,
    1.316479206085205,
    1.3639616966247559,
    0,
    2.250981330871582,
    2.657579183578491
  ],
  "total_score": [
    0.10430699349631734,
    2.58770828331531,
    2.58770828331531,
    0.12579079550750705,
    2.335598424834343,
    2.335598424834343
  ]
}