{
  "_rows": [
    [
      0,
      5,
      7,
      14,
      20,
      35,
      40,
      42,
      48,
      50,
      51,
      54,
      56,
      61,
      62,
      63,
      64,
      65,
      75,
      128
    ],
    [
      0,
      1,
      2,
      3,
      4,
      5,
      6,
      7,
      8,
      9,
      10,
      11,
      12,
      13,
      14,
      15,
      16,
      17,
      18,
      19
    ],
    [
      0,
      1,
      2,
      3,
      4,
      5,
      6,
      7,
      8,
      9,
      10,
      11,
      12,
      13,
      14,
      15,
      16,
      17,
      18,
      19
    ],
    [
      1,
      17,
      29,
      42,
      49,
      66,
      81,
      85,
      93,
      98,
      109,
      123,
      128,
      133,
      140,
      153,
      158,
      159,
      178,
      185
    ],
    [
      0,
      1,
      2,
      3,
      4,
      5,
      6,
      7,
      8,
      9,
      10,
      11,
      12,
      13,
      14,
      15,
      16,
      17,
      18,
      19
    ],
    [
      0,
      1,
      2,
      3,
      4,
      5,
      6,
      7,
      8,
      9,
      10,
      11,
      12,
      13,
      14,
      15,
      16,
      17,
      18,
      19
    ]
  ],
  "_cols": [
    [
      0,
      1,
      2,
      3,
      4,
      5,
      6,
      7,
      8,
      9,
      10,
      11,
      12,
      13
    ],
    [
      0,
      1,
      2,
      3,
      4,
      5,
      6,
      7,
      8,
      9,
      10,
      11,
      12,
      13
    ],
    [
      0,
      1,
      2,
      3,
      4,
      5,
      6,
      7,
      8,
      9,
      10,
      11,
      12,
      13
    ],
    [
      4,
      9,
      10,
      11,
      13
    ],
    [
      4,
      9,
      10,
      11,
      13
    ],
    [
      4,
      9,
      10,
      11,
      13
    ]
  ],
  "rows_score": [
    1.4259267524191155,
    1.7741208293241577,
    1.7741208293241577,
    1.6773061926438384,
    1.2601527725525152,
    1.2601527725525152
  ],
  "cols_score": [
    0.0,
    1.4259267524191155,
    1.7741208293241577,
    1.2601527725525152,
    1.6704069054951434,
    1.2601527725525152
  ],
  "rows_calc_time": [
    6.388505935668945,
    0.38796305656433105,
    0.39191699028015137,
    0,
    0.2543199062347412,
    0.2578444480895996
  ],
  "cols_calc_time": [
    6.388505935668945,
    0.38796305656433105,
    0.39191699028015137,
    0,
    0.2543199062347412,
    0.2578444480895996
  ],
  "total_score": [
    1.4259267524191155,
    1.7741208293241577,
    1.7741208293241577,
    1.6704069054951434,
    1.2601527725525152,
    1.2601527725525152
  ]
}