{
  "_rows": [
    [
      0,
      1,
      3,
      5,
      6,
      7,
      8,
      9,
      12,
      13,
      14,
      15,
      16,
      18,
      19,
      20,
      22,
      23,
      92,
      146
    ],
    [
      0,
      1,
      2,
      3,
      4,
      5,
      6,
      7,
      8,
      9,
      10,
      11,
      12,
      13,
      14,
      15,
      16,
      17,
      18,
      19
    ],
    [
      0,
      1,
      2,
      3,
      4,
      5,
      6,
      7,
      8,
      9,
      10,
      11,
      12,
      13,
      14,
      15,
      16,
      17,
      18,
      19
    ],
    [
      1,
      3,
      13,
      29,
      30,
      35,
      42,
      47,
      64,
      78,
      92,
      101,
      112,
      115,
      124,
      160,
      161,
      166,
      183,
      186
    ],
    [
      0,
      1,
      2,
      3,
      4,
      5,
      6,
      7,
      8,
      9,
      10,
      11,
      12,
      13,
      14,
      15,
      16,
      17,
      18,
      19
    ],
    [
      0,
      1,
      2,
      3,
      4,
      5,
      6,
      7,
      8,
      9,
      10,
      11,
      12,
      13,
      14,
      15,
      16,
      17,
      18,
      19
    ]
  ],
  "_cols": [
    [
      0,
      1,
      2,
      3,
      4,
      5,
      6,
      7,
      8,
      9
    ],
    [
      0,
      1,
      2,
      3,
      4,
      5,
      6,
      7,
      8,
      9
    ],
    [
      0,
      1,
      2,
      3,
      4,
      5,
      6,
      7,
      8,
      9
    ],
    [
      4,
      4,
      5,
      7,
      7
    ],
    [
      4,
      4,
      5,
      7,
      7
    ],
    [
      4,
      4,
      5,
      7,
      7
    ]
  ],
  "rows_score": [
    1.9699688664313535,
    2.0210660308045045,
    2.0210660308045045,
    2.285574821523152,
    0,
    0
  ],
  "cols_score": [
    0.0,
    1.9699688664313535,
    2.0210660308045045,
    0,
    0,
    0
  ],
  "rows_calc_time": [
    5.262809991836548,
    0.33211398124694824,
    0.3281235694885254,
    0,
    0.4548184871673584,
    0.43983030319213867
  ],
  "cols_calc_time": [
    5.262809991836548,
    0.33211398124694824,
    0.3281235694885254,
    0,
    0.4548184871673584,
    0.43983030319213867
  ],
  "total_score": [
    1.9699688664313535,
    2.0210660308045045,
    2.0210660308045045,
    0,
    0,
    0
  ]
}