{
  "_rows": [
    [
      12,
      41,
      47,
      107,
      130,
      131,
      137,
      173,
      176,
      180
    ],
    [
      0,
      1,
      2,
      3,
      4,
      5,
      6,
      7,
      8,
      9
    ],
    [
      0,
      1,
      2,
      3,
      4,
      5,
      6,
      7,
      8,
      9
    ],
    [
      6,
      37,
      39,
      74,
      108,
      131,
      156,
      191,
      193,
      197
    ],
    [
      0,
      1,
      2,
      3,
      4,
      5,
      6,
      7,
      8,
      9
    ],
    [
      0,
      1,
      2,
      3,
      4,
      5,
      6,
      7,
      8,
      9
    ]
  ],
  "_cols": [
    [
      0,
      1,
      2,
      3,
      4,
      5,
      6
    ],
    [
      0,
      1,
      2,
      3,
      4,
      5,
      6
    ],
    [
      0,
      1,
      2,
      3,
      4,
      5,
      6
    ],
    [
      0,
      2,
      3,
      4,
      4
    ],
    [
      0,
      2,
      3,
      4,
      4
    ],
    [
      0,
      2,
      3,
      4,
      4
    ]
  ],
  "rows_score": [
    1.1796345235609529,
    7.301934148905717,
    7.301934148905717,
    3.6396580048044793,
    17.35391233482747,
    17.35391233482747
  ],
  "cols_score": [
    0.0,
    1.1796345235609529,
    7.301934148905717,
    17.35391233482747,
    7.942573222770479,
    17.35391233482747
  ],
  "rows_calc_time": [
    7.179802179336548,
    0.20982646942138672,
    0.21100282669067383,
    0,
    0.5873982906341553,
    0.8554913997650146
  ],
  "cols_calc_time": [
    7.179802179336548,
    0.20982646942138672,
    0.21100282669067383,
    0,
    0.5873982906341553,
    0.8554913997650146
  ],
  "total_score": [
    1.1796345235609529,
    7.301934148905717,
    7.301934148905717,
    7.942573222770479,
    17.35391233482747,
    17.35391233482747
  ]
}