{
  "_rows": [
    [
      0,
      5,
      13,
      35,
      53,
      67,
      108,
      110,
      132,
      170
    ],
    [
      0,
      1,
      2,
      3,
      4,
      5,
      6,
      7,
      8,
      9
    ],
    [
      0,
      1,
      2,
      3,
      4,
      5,
      6,
      7,
      8,
      9
    ],
    [
      4,
      11,
      45,
      47,
      58,
      65,
      99,
      140,
      158,
      176
    ],
    [
      0,
      1,
      2,
      3,
      4,
      5,
      6,
      7,
      8,
      9
    ],
    [
      0,
      1,
      2,
      3,
      4,
      5,
      6,
      7,
      8,
      9
    ]
  ],
  "_cols": [
    [
      0,
      1,
      2,
      3,
      4,
      5
    ],
    [
      0,
      1,
      2,
      3,
      4,
      5
    ],
    [
      0,
      1,
      2,
      3,
      4,
      5
    ],
    [
      1,
      2,
      3,
      3,
      5
    ],
    [
      1,
      2,
      3,
      3,
      5
    ],
    [
      1,
      2,
      3,
      3,
      5
    ]
  ],
  "rows_score": [
    0.09220236359476686,
    0.05963558093549354,
    0.05963558093549354,
    0.1507288011314028,
    0.05884546132416546,
    0.05884546132416546
  ],
  "cols_score": [
    0.0,
    0.09220236359476686,
    0.05963558093549354,
    0.05884546132416546,
    0.16242303404326308,
    0.05884546132416546
  ],
  "rows_calc_time": [
    4.806652307510376,
    0.17250752449035645,
    0.22289252281188965,
    0,
    0.7182908058166504,
    0.5985589027404785
  ],
  "cols_calc_time": [
    4.806652307510376,
    0.17250752449035645,
    0.22289252281188965,
    0,
    0.7182908058166504,
    0.5985589027404785
  ],
  "total_score": [
    0.09220236359476686,
    0.05963558093549354,
    0.05963558093549354,
    0.16242303404326308,
    0.05884546132416546,
    0.05884546132416546
  ]
}