{
  "_rows": [
    [
      0,
      12,
      15,
      21,
      53,
      77,
      87,
      88,
      101,
      112,
      130,
      135,
      137,
      157,
      164,
      173,
      180,
      181,
      184,
      189
    ],
    [
      0,
      1,
      2,
      3,
      4,
      5,
      6,
      7,
      8,
      9,
      10,
      11,
      12,
      13,
      14,
      15,
      16,
      17,
      18,
      19
    ],
    [
      0,
      1,
      2,
      3,
      4,
      5,
      6,
      7,
      8,
      9,
      10,
      11,
      12,
      13,
      14,
      15,
      16,
      17,
      18,
      19
    ],
    [
      2,
      17,
      18,
      27,
      44,
      57,
      63,
      81,
      86,
      95,
      96,
      107,
      114,
      119,
      125,
      128,
      134,
      135,
      147,
      171
    ],
    [
      0,
      1,
      2,
      3,
      4,
      5,
      6,
      7,
      8,
      9,
      10,
      11,
      12,
      13,
      14,
      15,
      16,
      17,
      18,
      19
    ],
    [
      0,
      1,
      2,
      3,
      4,
      5,
      6,
      7,
      8,
      9,
      10,
      11,
      12,
      13,
      14,
      15,
      16,
      17,
      18,
      19
    ]
  ],
  "_cols": [
    [
      0,
      1,
      2,
      3,
      4,
      5,
      6
    ],
    [
      0,
      1,
      2,
      3,
      4,
      5,
      6
    ],
    [
      0,
      1,
      2,
      3,
      4,
      5,
      6
    ],
    [
      1,
      4,
      6
    ],
    [
      1,
      4,
      6
    ],
    [
      1,
      4,
      6
    ]
  ],
  "rows_score": [
    0.6613466040467891,
    1.2816881673105325,
    1.2816881673105325,
    0.42354863089872796,
    1.293521268631309,
    1.293521268631309
  ],
  "cols_score": [
    0.0,
    0.6613466040467891,
    1.2816881673105325,
    1.293521268631309,
    0.2070634090136867,
    1.293521268631309
  ],
  "rows_calc_time": [
    9.77177882194519,
    0.5860912799835205,
    0.5835142135620117,
    0,
    0.40391993522644043,
    0.39394640922546387
  ],
  "cols_calc_time": [
    9.77177882194519,
    0.5860912799835205,
    0.5835142135620117,
    0,
    0.40391993522644043,
    0.39394640922546387
  ],
  "total_score": [
    0.6613466040467891,
    1.2816881673105325,
    1.2816881673105325,
    0.2070634090136867,
    1.293521268631309,
    1.293521268631309
  ]
}