{
  "_rows": [
    [
      0,
      1,
      5,
      10,
      16,
      17,
      34,
      43,
      53,
      61,
      63,
      70,
      89,
      93,
      96,
      108,
      122,
      139,
      146,
      199
    ],
    [
      0,
      1,
      2,
      3,
      4,
      5,
      6,
      7,
      8,
      9,
      10,
      11,
      12,
      13,
      14,
      15,
      16,
      17,
      18,
      19
    ],
    [
      0,
      1,
      2,
      3,
      4,
      5,
      6,
      7,
      8,
      9,
      10,
      11,
      12,
      13,
      14,
      15,
      16,
      17,
      18,
      19
    ],
    [
      3,
      13,
      17,
      19,
      29,
      33,
      43,
      54,
      67,
      74,
      92,
      102,
      112,
      123,
      132,
      144,
      157,
      169,
      170,
      179
    ],
    [
      0,
      1,
      2,
      3,
      4,
      5,
      6,
      7,
      8,
      9,
      10,
      11,
      12,
      13,
      14,
      15,
      16,
      17,
      18,
      19
    ],
    [
      0,
      1,
      2,
      3,
      4,
      5,
      6,
      7,
      8,
      9,
      10,
      11,
      12,
      13,
      14,
      15,
      16,
      17,
      18,
      19
    ]
  ],
  "_cols": [
    [
      0,
      1,
      2,
      3,
      4,
      5
    ],
    [
      0,
      1,
      2,
      3,
      4,
      5
    ],
    [
      0,
      1,
      2,
      3,
      4,
      5
    ],
    [
      2,
      2,
      4
    ],
    [
      2,
      2,
      4
    ],
    [
      2,
      2,
      4
    ]
  ],
  "rows_score": [
    0.04709110800931027,
    0.1401983717314947,
    0.1401983717314947,
    0.11359206518017706,
    0.045542904629562675,
    0.045542904629562675
  ],
  "cols_score": [
    0.0,
    0.04709110800931027,
    0.1401983717314947,
    0.045542904629562675,
    0.02904745610694892,
    0.045542904629562675
  ],
  "rows_calc_time": [
    8.170868396759033,
    0.4747452735900879,
    0.5305814743041992,
    0,
    1.2985179424285889,
    1.2272393703460693
  ],
  "cols_calc_time": [
    8.170868396759033,
    0.4747452735900879,
    0.5305814743041992,
    0,
    1.2985179424285889,
    1.2272393703460693
  ],
  "total_score": [
    0.04709110800931027,
    0.1401983717314947,
    0.1401983717314947,
    0.02904745610694892,
    0.045542904629562675,
    0.045542904629562675
  ]
}