{
  "_rows": [
    [
      0,
      11,
      13,
      14,
      16,
      61,
      62,
      115,
      121,
      142
    ],
    [
      0,
      1,
      2,
      3,
      4,
      5,
      6,
      7,
      8,
      9
    ],
    [
      0,
      1,
      2,
      3,
      4,
      5,
      6,
      7,
      8,
      9
    ],
    [
      3,
      13,
      60,
      92,
      119,
      141,
      149,
      156,
      169,
      170
    ],
    [
      0,
      1,
      2,
      3,
      4,
      5,
      6,
      7,
      8,
      9
    ],
    [
      0,
      1,
      2,
      3,
      4,
      5,
      6,
      7,
      8,
      9
    ]
  ],
  "_cols": [
    [
      0,
      1,
      2,
      3,
      4,
      5,
      6,
      7,
      8,
      9,
      10,
      11,
      12,
      13
    ],
    [
      0,
      1,
      2,
      3,
      4,
      5,
      6,
      7,
      8,
      9,
      10,
      11,
      12,
      13
    ],
    [
      0,
      1,
      2,
      3,
      4,
      5,
      6,
      7,
      8,
      9,
      10,
      11,
      12,
      13
    ],
    [
      1,
      11,
      12
    ],
    [
      1,
      11,
      12
    ],
    [
      1,
      11,
      12
    ]
  ],
  "rows_score": [
    0.09722334448295034,
    0.9363390458425218,
    0.9363390458425218,
    0.10906078286815801,
    0.9236980788236558,
    0.9236980788236558
  ],
  "cols_score": [
    0.0,
    0.09722334448295034,
    0.9363390458425218,
    0.9236980788236558,
    0.12827532622355597,
    0.9236980788236558
  ],
  "rows_calc_time": [
    8.980427742004395,
    0.3935694694519043,
    0.4316990375518799,
    0,
    0.11764311790466309,
    0.11593341827392578
  ],
  "cols_calc_time": [
    8.980427742004395,
    0.3935694694519043,
    0.4316990375518799,
    0,
    0.11764311790466309,
    0.11593341827392578
  ],
  "total_score": [
    0.09722334448295034,
    0.9363390458425218,
    0.9363390458425218,
    0.12827532622355597,
    0.9236980788236558,
    0.9236980788236558
  ]
}