{
  "_rows": [
    [
      0,
      1,
      2,
      3,
      5,
      6,
      7,
      9,
      10,
      169
    ],
    [
      0,
      1,
      2,
      3,
      4,
      5,
      6,
      7,
      8,
      9
    ],
    [
      0,
      1,
      2,
      3,
      4,
      5,
      6,
      7,
      8,
      9
    ],
    [
      17,
      41,
      46,
      52,
      109,
      123,
      126,
      172,
      179,
      189
    ],
    [
      0,
      1,
      2,
      3,
      4,
      5,
      6,
      7,
      8,
      9
    ],
    [
      0,
      1,
      2,
      3,
      4,
      5,
      6,
      7,
      8,
      9
    ]
  ],
  "_cols": [
    [
      0,
      1,
      2,
      3,
      4,
      5,
      6,
      7,
      8,
      9,
      10,
      11,
      12,
      13
    ],
    [
      0,
      1,
      2,
      3,
      4,
      5,
      6,
      7,
      8,
      9,
      10,
      11,
      12,
      13
    ],
    [
      0,
      1,
      2,
      3,
      4,
      5,
      6,
      7,
      8,
      9,
      10,
      11,
      12,
      13
    ],
    [
      6,
      7,
      10,
      12,
      13
    ],
    [
      6,
      7,
      10,
      12,
      13
    ],
    [
      6,
      7,
      10,
      12,
      13
    ]
  ],
  "rows_score": [
    2.5058194881704354,
    2.474673128410251,
    2.474673128410251,
    3.1709904227536074,
    2.4750582707437183,
    2.4750582707437183
  ],
  "cols_score": [
    0.0,
    2.5058194881704354,
    2.474673128410251,
    2.4750582707437183,
    3.1269841408272447,
    2.4750582707437183
  ],
  "rows_calc_time": [
    3.0847573280334473,
    0.15363478660583496,
    0.14756202697753906,
    0,
    0.06781888008117676,
    0.06881594657897949
  ],
  "cols_calc_time": [
    3.0847573280334473,
    0.15363478660583496,
    0.14756202697753906,
    0,
    0.06781888008117676,
    0.06881594657897949
  ],
  "total_score": [
    2.5058194881704354,
    2.474673128410251,
    2.474673128410251,
    3.1269841408272447,
    2.4750582707437183,
    2.4750582707437183
  ]
}