{
  "_rows": [
    [
      0,
      53,
      87,
      88,
      135,
      137,
      164,
      180,
      181,
      189
    ],
    [
      0,
      1,
      2,
      3,
      4,
      5,
      6,
      7,
      8,
      9
    ],
    [
      0,
      1,
      2,
      3,
      4,
      5,
      6,
      7,
      8,
      9
    ],
    [
      28,
      35,
      46,
      57,
      128,
      132,
      145,
      149,
      151,
      182
    ],
    [
      0,
      1,
      2,
      3,
      4,
      5,
      6,
      7,
      8,
      9
    ],
    [
      0,
      1,
      2,
      3,
      4,
      5,
      6,
      7,
      8,
      9
    ]
  ],
  "_cols": [
    [
      0,
      1,
      2,
      3,
      4,
      5,
      6
    ],
    [
      0,
      1,
      2,
      3,
      4,
      5,
      6
    ],
    [
      0,
      1,
      2,
      3,
      4,
      5,
      6
    ],
    [
      1,
      1,
      4
    ],
    [
      1,
      1,
      4
    ],
    [
      1,
      1,
      4
    ]
  ],
  "rows_score": [
    0.7554157700930524,
    1.28408811859235,
    1.28408811859235,
    1.2873434200152922,
    1.2967728389436415,
    1.2967728389436415
  ],
  "cols_score": [
    0.0,
    0.7554157700930524,
    1.28408811859235,
    1.2967728389436415,
    1.290366472544327,
    1.2967728389436415
  ],
  "rows_calc_time": [
    4.9130730628967285,
    0.1660618782043457,
    0.16961002349853516,
    0,
    0.2861206531524658,
    0.27646327018737793
  ],
  "cols_calc_time": [
    4.9130730628967285,
    0.1660618782043457,
    0.16961002349853516,
    0,
    0.2861206531524658,
    0.27646327018737793
  ],
  "total_score": [
    0.7554157700930524,
    1.28408811859235,
    1.28408811859235,
    1.290366472544327,
    1.2967728389436415,
    1.2967728389436415
  ]
}