{
  "_rows": [
    [
      0,
      1,
      2,
      3,
      6,
      8,
      9,
      10,
      11,
      12,
      13,
      14,
      15,
      16,
      17,
      18,
      19,
      20,
      39,
      49
    ],
    [
      0,
      1,
      2,
      3,
      4,
      5,
      6,
      7,
      8,
      9,
      10,
      11,
      12,
      13,
      14,
      15,
      16,
      17,
      18,
      19
    ],
    [
      0,
      1,
      2,
      3,
      4,
      5,
      6,
      7,
      8,
      9,
      10,
      11,
      12,
      13,
      14,
      15,
      16,
      17,
      18,
      19
    ],
    [
      3,
      5,
      7,
      19,
      21,
      39,
      40,
      91,
      116,
      121,
      144,
      148,
      152,
      155,
      158,
      159,
      165,
      174,
      176,
      187
    ],
    [
      0,
      1,
      2,
      3,
      4,
      5,
      6,
      7,
      8,
      9,
      10,
      11,
      12,
      13,
      14,
      15,
      16,
      17,
      18,
      19
    ],
    [
      0,
      1,
      2,
      3,
      4,
      5,
      6,
      7,
      8,
      9,
      10,
      11,
      12,
      13,
      14,
      15,
      16,
      17,
      18,
      19
    ]
  ],
  "_cols": [
    [
      0,
      1,
      2,
      3,
      4,
      5,
      6,
      7,
      8,
      9,
      10,
      11,
      12,
      13
    ],
    [
      0,
      1,
      2,
      3,
      4,
      5,
      6,
      7,
      8,
      9,
      10,
      11,
      12,
      13
    ],
    [
      0,
      1,
      2,
      3,
      4,
      5,
      6,
      7,
      8,
      9,
      10,
      11,
      12,
      13
    ],
    [
      1,
      8,
      13
    ],
    [
      1,
      8,
      13
    ],
    [
      1,
      8,
      13
    ]
  ],
  "rows_score": [
    1.3047719237804896,
    1.461864518629548,
    1.461864518629548,
    1.166421720021495,
    0.09632840793759279,
    0.09632840793759279
  ],
  "cols_score": [
    0.0,
    1.3047719237804896,
    1.461864518629548,
    0.09632840793759279,
    0.5953031945667853,
    0.09632840793759279
  ],
  "rows_calc_time": [
    11.470782041549683,
    0.695127010345459,
    0.7205910682678223,
    0,
    0.3700120449066162,
    0.35309600830078125
  ],
  "cols_calc_time": [
    11.470782041549683,
    0.695127010345459,
    0.7205910682678223,
    0,
    0.3700120449066162,
    0.35309600830078125
  ],
  "total_score": [
    1.3047719237804896,
    1.461864518629548,
    1.461864518629548,
    0.5953031945667853,
    0.09632840793759279,
    0.09632840793759279
  ]
}