{
  "_rows": [
    [
      0,
      1,
      2,
      4,
      7,
      34,
      35,
      38,
      40,
      41,
      42,
      51,
      54,
      59,
      66,
      74,
      128,
      143,
      149,
      192
    ],
    [
      0,
      1,
      2,
      3,
      4,
      5,
      6,
      7,
      8,
      9,
      10,
      11,
      12,
      13,
      14,
      15,
      16,
      17,
      18,
      19
    ],
    [
      0,
      1,
      2,
      3,
      4,
      5,
      6,
      7,
      8,
      9,
      10,
      11,
      12,
      13,
      14,
      15,
      16,
      17,
      18,
      19
    ],
    [
      0,
      31,
      47,
      52,
      53,
      66,
      67,
      81,
      93,
      102,
      105,
      113,
      115,
      120,
      125,
      142,
      152,
      157,
      178,
      195
    ],
    [
      0,
      1,
      2,
      3,
      4,
      5,
      6,
      7,
      8,
      9,
      10,
      11,
      12,
      13,
      14,
      15,
      16,
      17,
      18,
      19
    ],
    [
      0,
      1,
      2,
      3,
      4,
      5,
      6,
      7,
      8,
      9,
      10,
      11,
      12,
      13,
      14,
      15,
      16,
      17,
      18,
      19
    ]
  ],
  "_cols": [
    [
      0,
      1,
      2,
      3,
      4,
      5,
      6,
      7,
      8,
      9,
      10,
      11,
      12,
      13
    ],
    [
      0,
      1,
      2,
      3,
      4,
      5,
      6,
      7,
      8,
      9,
      10,
      11,
      12,
      13
    ],
    [
      0,
      1,
      2,
      3,
      4,
      5,
      6,
      7,
      8,
      9,
      10,
      11,
      12,
      13
    ],
    [
      3,
      3,
      6,
      7,
      12
    ],
    [
      3,
      3,
      6,
      7,
      12
    ],
    [
      3,
      3,
      6,
      7,
      12
    ]
  ],
  "rows_score": [
    0.055995840633011884,
    0.05823439623201406,
    0.05823439623201406,
    0.10806985424598414,
    0,
    0
  ],
  "cols_score": [
    0.0,
    0.055995840633011884,
    0.05823439623201406,
    0,
    0.12021424038262152,
    0
  ],
  "rows_calc_time": [
    34.80784869194031,
    2.168734550476074,
    1.9827320575714111,
    0,
    2.2265424728393555,
    0.20245862007141113
  ],
  "cols_calc_time": [
    34.80784869194031,
    2.168734550476074,
    1.9827320575714111,
    0,
    2.2265424728393555,
    0.20245862007141113
  ],
  "total_score": [
    0.055995840633011884,
    0.05823439623201406,
    0.05823439623201406,
    0.12021424038262152,
    0,
    0
  ]
}