{
  "_rows": [
    [
      0,
      1,
      2,
      3,
      4,
      5,
      6,
      7,
      8,
      9,
      10,
      11,
      12,
      13,
      14,
      15,
      16,
      17,
      18,
      19
    ],
    [
      0,
      1,
      2,
      3,
      4,
      5,
      6,
      7,
      8,
      9,
      10,
      11,
      12,
      13,
      14,
      15,
      16,
      17,
      18,
      19
    ],
    [
      20,
      25,
      26,
      43,
      47,
      55,
      57,
      59,
      69,
      83,
      90,
      94,
      95,
      99,
      109,
      132,
      147,
      151,
      180,
      188
    ],
    [
      0,
      1,
      2,
      3,
      4,
      5,
      6,
      7,
      8,
      9,
      10,
      11,
      12,
      13,
      14,
      15,
      16,
      17,
      18,
      19
    ],
    [
      0,
      1,
      2,
      3,
      4,
      5,
      6,
      7,
      8,
      9,
      10,
      11,
      12,
      13,
      14,
      15,
      16,
      17,
      18,
      19
    ]
  ],
  "_cols": [
    [
      0,
      1,
      2,
      3,
      4,
      5,
      6
    ],
    [
      0,
      1,
      2,
      3,
      4,
      5,
      6
    ],
    [
      1,
      1,
      1,
      4,
      4
    ],
    [
      1,
      1,
      1,
      4,
      4
    ],
    [
      1,
      1,
      1,
      4,
      4
    ]
  ],
  "rows_score": [
    0.006319150512152552,
    0.006319150512152552,
    0.015297282711085602,
    0,
    0
  ],
  "cols_score": [
    0.0,
    0.006319150512152552,
    0,
    0,
    0
  ],
  "rows_calc_time": [
    9.869816541671753,
    0.46976613998413086,
    0,
    1.1509220600128174,
    1.1340012550354004
  ],
  "cols_calc_time": [
    9.869816541671753,
    0.46976613998413086,
    0,
    1.1509220600128174,
    1.1340012550354004
  ],
  "total_score": [
    0.006319150512152552,
    0.006319150512152552,
    0,
    0,
    0
  ]
}