{
  "_rows": [
    [
      0,
      1,
      2,
      3,
      4,
      5,
      6,
      7,
      8,
      9,
      10,
      11,
      12,
      19,
      34,
      38,
      41,
      48,
      50,
      51
    ],
    [
      0,
      1,
      2,
      3,
      4,
      5,
      6,
      7,
      8,
      9,
      10,
      11,
      12,
      13,
      14,
      15,
      16,
      17,
      18,
      19
    ],
    [
      0,
      1,
      2,
      3,
      4,
      5,
      6,
      7,
      8,
      9,
      10,
      11,
      12,
      13,
      14,
      15,
      16,
      17,
      18,
      19
    ],
    [
      2,
      5,
      21,
      35,
      38,
      46,
      59,
      60,
      70,
      72,
      92,
      100,
      107,
      135,
      141,
      151,
      167,
      169,
      173,
      186
    ],
    [
      0,
      1,
      2,
      3,
      4,
      5,
      6,
      7,
      8,
      9,
      10,
      11,
      12,
      13,
      14,
      15,
      16,
      17,
      18,
      19
    ],
    [
      0,
      1,
      2,
      3,
      4,
      5,
      6,
      7,
      8,
      9,
      10,
      11,
      12,
      13,
      14,
      15,
      16,
      17,
      18,
      19
    ]
  ],
  "_cols": [
    [
      0,
      1,
      2,
      3,
      4,
      5,
      6,
      7,
      8,
      9,
      10,
      11,
      12,
      13
    ],
    [
      0,
      1,
      2,
      3,
      4,
      5,
      6,
      7,
      8,
      9,
      10,
      11,
      12,
      13
    ],
    [
      0,
      1,
      2,
      3,
      4,
      5,
      6,
      7,
      8,
      9,
      10,
      11,
      12,
      13
    ],
    [
      10,
      12,
      13
    ],
    [
      10,
      12,
      13
    ],
    [
      10,
      12,
      13
    ]
  ],
  "rows_score": [
    0.03879411633102098,
    0.009902175898019727,
    0.009902175898019727,
    0.03734659406734575,
    0.23454563471575413,
    0.23454563471575413
  ],
  "cols_score": [
    0.0,
    0.03879411633102098,
    0.009902175898019727,
    0.23454563471575413,
    0.06326865398525433,
    0.23454563471575413
  ],
  "rows_calc_time": [
    14.377716302871704,
    1.1524114608764648,
    0.9006128311157227,
    0,
    0.417588472366333,
    0.38525938987731934
  ],
  "cols_calc_time": [
    14.377716302871704,
    1.1524114608764648,
    0.9006128311157227,
    0,
    0.417588472366333,
    0.38525938987731934
  ],
  "total_score": [
    0.03879411633102098,
    0.009902175898019727,
    0.009902175898019727,
    0.06326865398525433,
    0.23454563471575413,
    0.23454563471575413
  ]
}