{
  "_rows": [
    [
      0,
      1,
      2,
      3,
      4,
      6,
      7,
      8,
      9,
      19,
      34,
      38,
      41,
      80,
      84,
      86,
      106,
      137,
      147,
      180
    ],
    [
      0,
      1,
      2,
      3,
      4,
      5,
      6,
      7,
      8,
      9,
      10,
      11,
      12,
      13,
      14,
      15,
      16,
      17,
      18,
      19
    ],
    [
      0,
      1,
      2,
      3,
      4,
      5,
      6,
      7,
      8,
      9,
      10,
      11,
      12,
      13,
      14,
      15,
      16,
      17,
      18,
      19
    ],
    [
      0,
      1,
      2,
      6,
      10,
      30,
      36,
      53,
      62,
      88,
      108,
      121,
      126,
      137,
      154,
      172,
      186,
      187,
      189,
      195
    ],
    [
      0,
      1,
      2,
      3,
      4,
      5,
      6,
      7,
      8,
      9,
      10,
      11,
      12,
      13,
      14,
      15,
      16,
      17,
      18,
      19
    ],
    [
      0,
      1,
      2,
      3,
      4,
      5,
      6,
      7,
      8,
      9,
      10,
      11,
      12,
      13,
      14,
      15,
      16,
      17,
      18,
      19
    ]
  ],
  "_cols": [
    [
      0,
      1,
      2,
      3,
      4,
      5,
      6,
      7,
      8,
      9,
      10,
      11,
      12,
      13
    ],
    [
      0,
      1,
      2,
      3,
      4,
      5,
      6,
      7,
      8,
      9,
      10,
      11,
      12,
      13
    ],
    [
      0,
      1,
      2,
      3,
      4,
      5,
      6,
      7,
      8,
      9,
      10,
      11,
      12,
      13
    ],
    [
      5,
      8,
      9,
      11,
      12
    ],
    [
      5,
      8,
      9,
      11,
      12
    ],
    [
      5,
      8,
      9,
      11,
      12
    ]
  ],
  "rows_score": [
    0.08561345905769835,
    0.009902175898019727,
    0.009902175898019727,
    0.12774641341029658,
    0.002837747001681712,
    0.002837747001681712
  ],
  "cols_score": [
    0.0,
    0.08561345905769835,
    0.009902175898019727,
    0.002837747001681712,
    0.11451239137333225,
    0.002837747001681712
  ],
  "rows_calc_time": [
    14.05044150352478,
    0.8844201564788818,
    0.8616952896118164,
    0,
    0.4168875217437744,
    0.4397902488708496
  ],
  "cols_calc_time": [
    14.05044150352478,
    0.8844201564788818,
    0.8616952896118164,
    0,
    0.4168875217437744,
    0.4397902488708496
  ],
  "total_score": [
    0.08561345905769835,
    0.009902175898019727,
    0.009902175898019727,
    0.11451239137333225,
    0.002837747001681712,
    0.002837747001681712
  ]
}