{
  "_rows": [
    [
      11,
      12,
      57,
      59,
      79,
      86,
      103,
      112,
      159,
      179
    ],
    [
      0,
      1,
      2,
      3,
      4,
      5,
      6,
      7,
      8,
      9
    ],
    [
      0,
      1,
      2,
      3,
      4,
      5,
      6,
      7,
      8,
      9
    ],
    [
      6,
      11,
      27,
      31,
      81,
      88,
      100,
      161,
      162,
      188
    ],
    [
      0,
      1,
      2,
      3,
      4,
      5,
      6,
      7,
      8,
      9
    ],
    [
      0,
      1,
      2,
      3,
      4,
      5,
      6,
      7,
      8,
      9
    ]
  ],
  "_cols": [
    [
      0,
      1,
      2,
      3,
      4,
      5,
      6,
      7,
      8,
      9,
      10,
      11,
      12,
      13
    ],
    [
      0,
      1,
      2,
      3,
      4,
      5,
      6,
      7,
      8,
      9,
      10,
      11,
      12,
      13
    ],
    [
      0,
      1,
      2,
      3,
      4,
      5,
      6,
      7,
      8,
      9,
      10,
      11,
      12,
      13
    ],
    [
      3,
      7,
      13
    ],
    [
      3,
      7,
      13
    ],
    [
      3,
      7,
      13
    ]
  ],
  "rows_score": [
    0.07337642596003724,
    70.90140348882234,
    70.90140348882234,
    0.48642511831294977,
    52.63848249183975,
    52.63848249183975
  ],
  "cols_score": [
    0.0,
    0.07337642596003724,
    70.90140348882234,
    52.63848249183975,
    0.44985717402203207,
    52.63848249183975
  ],
  "rows_calc_time": [
    10.297502279281616,
    0.4533209800720215,
    0.4459807872772217,
    0,
    0.15189361572265625,
    0.13631105422973633
  ],
  "cols_calc_time": [
    10.297502279281616,
    0.4533209800720215,
    0.4459807872772217,
    0,
    0.15189361572265625,
    0.13631105422973633
  ],
  "total_score": [
    0.07337642596003724,
    70.90140348882234,
    70.90140348882234,
    0.44985717402203207,
    52.63848249183975,
    52.63848249183975
  ]
}