{
  "_rows": [
    [
      0,
      1,
      3,
      5,
      9,
      12,
      13,
      14,
      15,
      16,
      19,
      20,
      22,
      23,
      31,
      147,
      149,
      151,
      152,
      153
    ],
    [
      0,
      1,
      2,
      3,
      4,
      5,
      6,
      7,
      8,
      9,
      10,
      11,
      12,
      13,
      14,
      15,
      16,
      17,
      18,
      19
    ],
    [
      0,
      1,
      2,
      3,
      4,
      5,
      6,
      7,
      8,
      9,
      10,
      11,
      12,
      13,
      14,
      15,
      16,
      17,
      18,
      19
    ],
    [
      5,
      9,
      11,
      20,
      22,
      28,
      30,
      31,
      70,
      75,
      79,
      80,
      102,
      111,
      135,
      147,
      160,
      170,
      186,
      187
    ],
    [
      0,
      1,
      2,
      3,
      4,
      5,
      6,
      7,
      8,
      9,
      10,
      11,
      12,
      13,
      14,
      15,
      16,
      17,
      18,
      19
    ],
    [
      0,
      1,
      2,
      3,
      4,
      5,
      6,
      7,
      8,
      9,
      10,
      11,
      12,
      13,
      14,
      15,
      16,
      17,
      18,
      19
    ]
  ],
  "_cols": [
    [
      0,
      1,
      2,
      3,
      4,
      5,
      6,
      7,
      8,
      9
    ],
    [
      0,
      1,
      2,
      3,
      4,
      5,
      6,
      7,
      8,
      9
    ],
    [
      0,
      1,
      2,
      3,
      4,
      5,
      6,
      7,
      8,
      9
    ],
    [
      0,
      0,
      7
    ],
    [
      0,
      0,
      7
    ],
    [
      0,
      0,
      7
    ]
  ],
  "rows_score": [
    2.015519770024379,
    2.0210660308045045,
    2.0210660308045045,
    2.203941361747349,
    0,
    0
  ],
  "cols_score": [
    0.0,
    2.015519770024379,
    2.0210660308045045,
    0,
    0,
    0
  ],
  "rows_calc_time": [
    5.009095191955566,
    0.3012096881866455,
    0.2882206439971924,
    0,
    0.2954277992248535,
    0.29759669303894043
  ],
  "cols_calc_time": [
    5.009095191955566,
    0.3012096881866455,
    0.2882206439971924,
    0,
    0.2954277992248535,
    0.29759669303894043
  ],
  "total_score": [
    2.015519770024379,
    2.0210660308045045,
    2.0210660308045045,
    0,
    0,
    0
  ]
}