{
  "_rows": [
    [
      0,
      1,
      2,
      3,
      5,
      6,
      7,
      9,
      10,
      169
    ],
    [
      0,
      1,
      2,
      3,
      4,
      5,
      6,
      7,
      8,
      9
    ],
    [
      0,
      1,
      2,
      3,
      4,
      5,
      6,
      7,
      8,
      9
    ],
    [
      7,
      42,
      47,
      51,
      87,
      109,
      112,
      124,
      162,
      165
    ],
    [
      0,
      1,
      2,
      3,
      4,
      5,
      6,
      7,
      8,
      9
    ],
    [
      0,
      1,
      2,
      3,
      4,
      5,
      6,
      7,
      8,
      9
    ]
  ],
  "_cols": [
    [
      0,
      1,
      2,
      3,
      4,
      5,
      6,
      7,
      8,
      9,
      10,
      11,
      12,
      13
    ],
    [
      0,
      1,
      2,
      3,
      4,
      5,
      6,
      7,
      8,
      9,
      10,
      11,
      12,
      13
    ],
    [
      0,
      1,
      2,
      3,
      4,
      5,
      6,
      7,
      8,
      9,
      10,
      11,
      12,
      13
    ],
    [
      4,
      4,
      12
    ],
    [
      4,
      4,
      12
    ],
    [
      4,
      4,
      12
    ]
  ],
  "rows_score": [
    2.5058194881704354,
    2.474673128410251,
    2.474673128410251,
    3.101707604145444,
    0,
    0
  ],
  "cols_score": [
    0.0,
    2.5058194881704354,
    2.474673128410251,
    0,
    0,
    0
  ],
  "rows_calc_time": [
    2.5937044620513916,
    0.11022186279296875,
    0.11129093170166016,
    0,
    0.07788634300231934,
    0.07796812057495117
  ],
  "cols_calc_time": [
    2.5937044620513916,
    0.11022186279296875,
    0.11129093170166016,
    0,
    0.07788634300231934,
    0.07796812057495117
  ],
  "total_score": [
    2.5058194881704354,
    2.474673128410251,
    2.474673128410251,
    0,
    0,
    0
  ]
}