{
  "_rows": [
    [
      0,
      1,
      16,
      72,
      81,
      99,
      103,
      111,
      129,
      146
    ],
    [
      0,
      1,
      2,
      3,
      4,
      5,
      6,
      7,
      8,
      9
    ],
    [
      0,
      1,
      2,
      3,
      4,
      5,
      6,
      7,
      8,
      9
    ],
    [
      38,
      83,
      98,
      115,
      119,
      130,
      155,
      156,
      193,
      194
    ],
    [
      0,
      1,
      2,
      3,
      4,
      5,
      6,
      7,
      8,
      9
    ],
    [
      0,
      1,
      2,
      3,
      4,
      5,
      6,
      7,
      8,
      9
    ]
  ],
  "_cols": [
    [
      0,
      1,
      2,
      3,
      4,
      5
    ],
    [
      0,
      1,
      2,
      3,
      4,
      5
    ],
    [
      0,
      1,
      2,
      3,
      4,
      5
    ],
    [
      2,
      4,
      5
    ],
    [
      2,
      4,
      5
    ],
    [
      2,
      4,
      5
    ]
  ],
  "rows_score": [
    0.12150496234509028,
    0.3409957460489621,
    0.3409957460489621,
    0.031243082819351814,
    0.43874193974667025,
    0.43874193974667025
  ],
  "cols_score": [
    0.0,
    0.12150496234509028,
    0.3409957460489621,
    0.43874193974667025,
    0.3802092736554598,
    0.43874193974667025
  ],
  "rows_calc_time": [
    5.558808088302612,
    0.16574716567993164,
    0.16048192977905273,
    0,
    0.07157421112060547,
    0.07667374610900879
  ],
  "cols_calc_time": [
    5.558808088302612,
    0.16574716567993164,
    0.16048192977905273,
    0,
    0.07157421112060547,
    0.07667374610900879
  ],
  "total_score": [
    0.12150496234509028,
    0.3409957460489621,
    0.3409957460489621,
    0.3802092736554598,
    0.43874193974667025,
    0.43874193974667025
  ]
}