{
  "_rows": [
    [
      0,
      14,
      35,
      40,
      42,
      56,
      63,
      64,
      65,
      74
    ],
    [
      0,
      1,
      2,
      3,
      4,
      5,
      6,
      7,
      8,
      9
    ],
    [
      0,
      1,
      2,
      3,
      4,
      5,
      6,
      7,
      8,
      9
    ],
    [
      16,
      36,
      52,
      57,
      69,
      80,
      81,
      103,
      141,
      167
    ],
    [
      0,
      1,
      2,
      3,
      4,
      5,
      6,
      7,
      8,
      9
    ],
    [
      0,
      1,
      2,
      3,
      4,
      5,
      6,
      7,
      8,
      9
    ]
  ],
  "_cols": [
    [
      0,
      1,
      2,
      3,
      4,
      5,
      6,
      7,
      8,
      9,
      10,
      11,
      12,
      13
    ],
    [
      0,
      1,
      2,
      3,
      4,
      5,
      6,
      7,
      8,
      9,
      10,
      11,
      12,
      13
    ],
    [
      0,
      1,
      2,
      3,
      4,
      5,
      6,
      7,
      8,
      9,
      10,
      11,
      12,
      13
    ],
    [
      5,
      9,
      13
    ],
    [
      5,
      9,
      13
    ],
    [
      5,
      9,
      13
    ]
  ],
  "rows_score": [
    1.9932625193555165,
    2.0965569443526344,
    2.0965569443526344,
    2.4892758179395633,
    1.6051743868911745,
    1.6051743868911745
  ],
  "cols_score": [
    0.0,
    1.9932625193555165,
    2.0965569443526344,
    1.6051743868911745,
    1.951747977171147,
    1.6051743868911745
  ],
  "rows_calc_time": [
    2.883758306503296,
    0.12151932716369629,
    0.12231683731079102,
    0,
    0.05772662162780762,
    0.05755448341369629
  ],
  "cols_calc_time": [
    2.883758306503296,
    0.12151932716369629,
    0.12231683731079102,
    0,
    0.05772662162780762,
    0.05755448341369629
  ],
  "total_score": [
    1.9932625193555165,
    2.0965569443526344,
    2.0965569443526344,
    1.951747977171147,
    1.6051743868911745,
    1.6051743868911745
  ]
}