{
  "_rows": [
    [
      0,
      1,
      5,
      11,
      29,
      31,
      42,
      57,
      85,
      88,
      107,
      131,
      135,
      142,
      147,
      148,
      160,
      163,
      173,
      185
    ],
    [
      0,
      1,
      2,
      3,
      4,
      5,
      6,
      7,
      8,
      9,
      10,
      11,
      12,
      13,
      14,
      15,
      16,
      17,
      18,
      19
    ],
    [
      0,
      1,
      2,
      3,
      4,
      5,
      6,
      7,
      8,
      9,
      10,
      11,
      12,
      13,
      14,
      15,
      16,
      17,
      18,
      19
    ],
    [
      11,
      17,
      31,
      32,
      37,
      41,
      48,
      54,
      67,
      74,
      104,
      112,
      116,
      129,
      148,
      151,
      158,
      163,
      167,
      197
    ],
    [
      0,
      1,
      2,
      3,
      4,
      5,
      6,
      7,
      8,
      9,
      10,
      11,
      12,
      13,
      14,
      15,
      16,
      17,
      18,
      19
    ],
    [
      0,
      1,
      2,
      3,
      4,
      5,
      6,
      7,
      8,
      9,
      10,
      11,
      12,
      13,
      14,
      15,
      16,
      17,
      18,
      19
    ]
  ],
  "_cols": [
    [
      0,
      1,
      2,
      3,
      4,
      5,
      6,
      7,
      8,
      9
    ],
    [
      0,
      1,
      2,
      3,
      4,
      5,
      6,
      7,
      8,
      9
    ],
    [
      0,
      1,
      2,
      3,
      4,
      5,
      6,
      7,
      8,
      9
    ],
    [
      0,
      6,
      9
    ],
    [
      0,
      6,
      9
    ],
    [
      0,
      6,
      9
    ]
  ],
  "rows_score": [
    0.047743853283166826,
    0.05163071135122327,
    0.05163071135122327,
    0.032930018876818234,
    0.08102377242093844,
    0.08102377242093844
  ],
  "cols_score": [
    0.0,
    0.047743853283166826,
    0.05163071135122327,
    0.08102377242093844,
    0.23440575955567577,
    0.08102377242093844
  ],
  "rows_calc_time": [
    20.301105499267578,
    1.3868670463562012,
    1.3343956470489502,
    0,
    0.3311440944671631,
    0.29816269874572754
  ],
  "cols_calc_time": [
    20.301105499267578,
    1.3868670463562012,
    1.3343956470489502,
    0,
    0.3311440944671631,
    0.29816269874572754
  ],
  "total_score": [
    0.047743853283166826,
    0.05163071135122327,
    0.05163071135122327,
    0.23440575955567577,
    0.08102377242093844,
    0.08102377242093844
  ]
}