{
  "_rows": [
    [
      6,
      46,
      47,
      120,
      154,
      170,
      173,
      176,
      179,
      180
    ],
    [
      0,
      1,
      2,
      3,
      4,
      5,
      6,
      7,
      8,
      9
    ],
    [
      0,
      1,
      2,
      3,
      4,
      5,
      6,
      7,
      8,
      9
    ],
    [
      9,
      43,
      68,
      89,
      119,
      137,
      143,
      166,
      175,
      194
    ],
    [
      0,
      1,
      2,
      3,
      4,
      5,
      6,
      7,
      8,
      9
    ],
    [
      0,
      1,
      2,
      3,
      4,
      5,
      6,
      7,
      8,
      9
    ]
  ],
  "_cols": [
    [
      0,
      1,
      2,
      3,
      4,
      5,
      6
    ],
    [
      0,
      1,
      2,
      3,
      4,
      5,
      6
    ],
    [
      0,
      1,
      2,
      3,
      4,
      5,
      6
    ],
    [
      3,
      3,
      6
    ],
    [
      3,
      3,
      6
    ],
    [
      3,
      3,
      6
    ]
  ],
  "rows_score": [
    4.326932294276652,
    7.301934148905717,
    7.301934148905717,
    6.4449865630294365,
    17.35036190002694,
    17.35036190002694
  ],
  "cols_score": [
    0.0,
    4.326932294276652,
    7.301934148905717,
    17.35036190002694,
    23.32493087584558,
    17.35036190002694
  ],
  "rows_calc_time": [
    5.143730401992798,
    0.18525123596191406,
    0.18513083457946777,
    0,
    0.3396461009979248,
    0.3421788215637207
  ],
  "cols_calc_time": [
    5.143730401992798,
    0.18525123596191406,
    0.18513083457946777,
    0,
    0.3396461009979248,
    0.3421788215637207
  ],
  "total_score": [
    4.326932294276652,
    7.301934148905717,
    7.301934148905717,
    23.32493087584558,
    17.35036190002694,
    17.35036190002694
  ]
}