{
  "_rows": [
    [
      0,
      10,
      13,
      22,
      29,
      66,
      84,
      92,
      148,
      194
    ],
    [
      0,
      1,
      2,
      3,
      4,
      5,
      6,
      7,
      8,
      9
    ],
    [
      0,
      1,
      2,
      3,
      4,
      5,
      6,
      7,
      8,
      9
    ],
    [
      33,
      35,
      36,
      41,
      81,
      84,
      102,
      180,
      185,
      198
    ],
    [
      0,
      1,
      2,
      3,
      4,
      5,
      6,
      7,
      8,
      9
    ],
    [
      0,
      1,
      2,
      3,
      4,
      5,
      6,
      7,
      8,
      9
    ]
  ],
  "_cols": [
    [
      0,
      1,
      2,
      3,
      4,
      5,
      6,
      7,
      8,
      9
    ],
    [
      0,
      1,
      2,
      3,
      4,
      5,
      6,
      7,
      8,
      9
    ],
    [
      0,
      1,
      2,
      3,
      4,
      5,
      6,
      7,
      8,
      9
    ],
    [
      0,
      1,
      9
    ],
    [
      0,
      1,
      9
    ],
    [
      0,
      1,
      9
    ]
  ],
  "rows_score": [
    0.3188910687751749,
    0.723871608973472,
    0.723871608973472,
    0.13858971284886357,
    0.09675954533814779,
    0.09675954533814779
  ],
  "cols_score": [
    0.0,
    0.3188910687751749,
    0.723871608973472,
    0.09675954533814779,
    0.2186652701248486,
    0.09675954533814779
  ],
  "rows_calc_time": [
    7.0629355907440186,
    0.2747509479522705,
    0.2622997760772705,
    0,
    0.09773778915405273,
    0.09071707725524902
  ],
  "cols_calc_time": [
    7.0629355907440186,
    0.2747509479522705,
    0.2622997760772705,
    0,
    0.09773778915405273,
    0.09071707725524902
  ],
  "total_score": [
    0.3188910687751749,
    0.723871608973472,
    0.723871608973472,
    0.2186652701248486,
    0.09675954533814779,
    0.09675954533814779
  ]
}