{
  "_rows": [
    [
      0,
      1,
      2,
      6,
      8,
      9,
      10,
      11,
      12,
      19
    ],
    [
      0,
      1,
      2,
      3,
      4,
      5,
      6,
      7,
      8,
      9
    ],
    [
      0,
      1,
      2,
      3,
      4,
      5,
      6,
      7,
      8,
      9
    ],
    [
      30,
      36,
      55,
      68,
      93,
      120,
      146,
      165,
      177,
      195
    ],
    [
      0,
      1,
      2,
      3,
      4,
      5,
      6,
      7,
      8,
      9
    ],
    [
      0,
      1,
      2,
      3,
      4,
      5,
      6,
      7,
      8,
      9
    ]
  ],
  "_cols": [
    [
      0,
      1,
      2,
      3,
      4,
      5,
      6,
      7,
      8,
      9,
      10,
      11,
      12,
      13
    ],
    [
      0,
      1,
      2,
      3,
      4,
      5,
      6,
      7,
      8,
      9,
      10,
      11,
      12,
      13
    ],
    [
      0,
      1,
      2,
      3,
      4,
      5,
      6,
      7,
      8,
      9,
      10,
      11,
      12,
      13
    ],
    [
      3,
      7,
      10
    ],
    [
      3,
      7,
      10
    ],
    [
      3,
      7,
      10
    ]
  ],
  "rows_score": [
    1.8850892281156346,
    2.4581595870845545,
    2.4581595870845545,
    2.099374942401349,
    1.7898511328775393,
    1.7898511328775393
  ],
  "cols_score": [
    0.0,
    1.8850892281156346,
    2.4581595870845545,
    1.7898511328775393,
    2.456517799544206,
    1.7898511328775393
  ],
  "rows_calc_time": [
    6.111816883087158,
    0.2756996154785156,
    0.311692476272583,
    0,
    0.08603811264038086,
    0.08776569366455078
  ],
  "cols_calc_time": [
    6.111816883087158,
    0.2756996154785156,
    0.311692476272583,
    0,
    0.08603811264038086,
    0.08776569366455078
  ],
  "total_score": [
    1.8850892281156346,
    2.4581595870845545,
    2.4581595870845545,
    2.456517799544206,
    1.7898511328775393,
    1.7898511328775393
  ]
}