{
  "_rows": [
    [
      9,
      26,
      29,
      31,
      37,
      45,
      46,
      47,
      67,
      196
    ],
    [
      0,
      1,
      2,
      3,
      4,
      5,
      6,
      7,
      8,
      9
    ],
    [
      0,
      1,
      2,
      3,
      4,
      5,
      6,
      7,
      8,
      9
    ],
    [
      40,
      44,
      57,
      60,
      71,
      76,
      82,
      119,
      120,
      185
    ],
    [
      0,
      1,
      2,
      3,
      4,
      5,
      6,
      7,
      8,
      9
    ],
    [
      0,
      1,
      2,
      3,
      4,
      5,
      6,
      7,
      8,
      9
    ]
  ],
  "_cols": [
    [
      0,
      1,
      2,
      3,
      4,
      5
    ],
    [
      0,
      1,
      2,
      3,
      4,
      5
    ],
    [
      0,
      1,
      2,
      3,
      4,
      5
    ],
    [
      2,
      5,
      5
    ],
    [
      2,
      5,
      5
    ],
    [
      2,
      5,
      5
    ]
  ],
  "rows_score": [
    1.3243910834483685,
    0.6417290551818375,
    0.6417290551818375,
    0.28675025709487567,
    4.304620938823406,
    4.304620938823406
  ],
  "cols_score": [
    0.0,
    1.3243910834483685,
    0.6417290551818375,
    4.304620938823406,
    4.060187999506317,
    4.304620938823406
  ],
  "rows_calc_time": [
    4.971405029296875,
    0.14607858657836914,
    0.14862513542175293,
    0,
    0.3465738296508789,
    0.346027135848999
  ],
  "cols_calc_time": [
    4.971405029296875,
    0.14607858657836914,
    0.14862513542175293,
    0,
    0.3465738296508789,
    0.346027135848999
  ],
  "total_score": [
    1.3243910834483685,
    0.6417290551818375,
    0.6417290551818375,
    4.060187999506317,
    4.304620938823406,
    4.304620938823406
  ]
}