{
  "_rows": [
    [
      0,
      1,
      2,
      3,
      4,
      5,
      6,
      7,
      8,
      9,
      10,
      11,
      12,
      13,
      14,
      15,
      16,
      17,
      18,
      19
    ],
    [
      0,
      1,
      2,
      3,
      4,
      5,
      6,
      7,
      8,
      9,
      10,
      11,
      12,
      13,
      14,
      15,
      16,
      17,
      18,
      19
    ],
    [
      4,
      5,
      7,
      14,
      16,
      48,
      92,
      95,
      115,
      121,
      127,
      132,
      135,
      160,
      163,
      167,
      173,
      185,
      189,
      198
    ],
    [
      0,
      1,
      2,
      3,
      4,
      5,
      6,
      7,
      8,
      9,
      10,
      11,
      12,
      13,
      14,
      15,
      16,
      17,
      18,
      19
    ],
    [
      0,
      1,
      2,
      3,
      4,
      5,
      6,
      7,
      8,
      9,
      10,
      11,
      12,
      13,
      14,
      15,
      16,
      17,
      18,
      19
    ]
  ],
  "_cols": [
    [
      0,
      1,
      2,
      3,
      4,
      5,
      6
    ],
    [
      0,
      1,
      2,
      3,
      4,
      5,
      6
    ],
    [
      0,
      0,
      3
    ],
    [
      0,
      0,
      3
    ],
    [
      0,
      0,
      3
    ]
  ],
  "rows_score": [
    0.006319150512152552,
    0.006319150512152552,
    0.011090306721999926,
    0.08239448332608722,
    0.08239448332608722
  ],
  "cols_score": [
    0.0,
    0.006319150512152552,
    0.08239448332608722,
    0,
    0.08239448332608722
  ],
  "rows_calc_time": [
    8.864016771316528,
    0.4114201068878174,
    0,
    0.20943999290466309,
    0.7350797653198242
  ],
  "cols_calc_time": [
    8.864016771316528,
    0.4114201068878174,
    0,
    0.20943999290466309,
    0.7350797653198242
  ],
  "total_score": [
    0.006319150512152552,
    0.006319150512152552,
    0,
    0.08239448332608722,
    0.08239448332608722
  ]
}