{
  "_rows": [
    [
      0,
      1,
      2,
      9,
      16,
      17,
      18,
      19,
      20,
      21,
      22,
      25,
      28,
      59,
      63,
      64,
      66,
      71,
      72,
      83
    ],
    [
      0,
      1,
      2,
      3,
      4,
      5,
      6,
      7,
      8,
      9,
      10,
      11,
      12,
      13,
      14,
      15,
      16,
      17,
      18,
      19
    ],
    [
      0,
      1,
      2,
      3,
      4,
      5,
      6,
      7,
      8,
      9,
      10,
      11,
      12,
      13,
      14,
      15,
      16,
      17,
      18,
      19
    ],
    [
      22,
      36,
      45,
      58,
      64,
      73,
      86,
      90,
      92,
      98,
      109,
      118,
      123,
      126,
      127,
      135,
      145,
      162,
      168,
      191
    ],
    [
      0,
      1,
      2,
      3,
      4,
      5,
      6,
      7,
      8,
      9,
      10,
      11,
      12,
      13,
      14,
      15,
      16,
      17,
      18,
      19
    ],
    [
      0,
      1,
      2,
      3,
      4,
      5,
      6,
      7,
      8,
      9,
      10,
      11,
      12,
      13,
      14,
      15,
      16,
      17,
      18,
      19
    ]
  ],
  "_cols": [
    [
      0,
      1,
      2,
      3,
      4,
      5,
      6,
      7,
      8,
      9,
      10,
      11,
      12,
      13
    ],
    [
      0,
      1,
      2,
      3,
      4,
      5,
      6,
      7,
      8,
      9,
      10,
      11,
      12,
      13
    ],
    [
      0,
      1,
      2,
      3,
      4,
      5,
      6,
      7,
      8,
      9,
      10,
      11,
      12,
      13
    ],
    [
      9,
      9,
      9,
      10,
      10
    ],
    [
      9,
      9,
      9,
      10,
      10
    ],
    [
      9,
      9,
      9,
      10,
      10
    ]
  ],
  "rows_score": [
    0.39481114618309376,
    0.5431174188900341,
    0.5431174188900341,
    0.1147764761416139,
    0,
    0
  ],
  "cols_score": [
    0.0,
    0.39481114618309376,
    0.5431174188900341,
    0,
    0,
    0
  ],
  "rows_calc_time": [
    36.020949840545654,
    2.3835909366607666,
    2.3771755695343018,
    0,
    0.19946670532226562,
    0.20046377182006836
  ],
  "cols_calc_time": [
    36.020949840545654,
    2.3835909366607666,
    2.3771755695343018,
    0,
    0.19946670532226562,
    0.20046377182006836
  ],
  "total_score": [
    0.39481114618309376,
    0.5431174188900341,
    0.5431174188900341,
    0,
    0,
    0
  ]
}