{
  "_rows": [
    [
      0,
      1,
      2,
      3,
      4,
      5,
      6,
      7,
      8,
      9,
      10,
      11,
      12,
      13,
      15,
      16,
      17,
      18,
      34,
      35
    ],
    [
      0,
      1,
      2,
      3,
      4,
      5,
      6,
      7,
      8,
      9,
      10,
      11,
      12,
      13,
      14,
      15,
      16,
      17,
      18,
      19
    ],
    [
      0,
      1,
      2,
      3,
      4,
      5,
      6,
      7,
      8,
      9,
      10,
      11,
      12,
      13,
      14,
      15,
      16,
      17,
      18,
      19
    ],
    [
      13,
      18,
      36,
      44,
      46,
      57,
      70,
      71,
      73,
      80,
      85,
      86,
      95,
      101,
      121,
      149,
      159,
      176,
      180,
      199
    ],
    [
      0,
      1,
      2,
      3,
      4,
      5,
      6,
      7,
      8,
      9,
      10,
      11,
      12,
      13,
      14,
      15,
      16,
      17,
      18,
      19
    ],
    [
      0,
      1,
      2,
      3,
      4,
      5,
      6,
      7,
      8,
      9,
      10,
      11,
      12,
      13,
      14,
      15,
      16,
      17,
      18,
      19
    ]
  ],
  "_cols": [
    [
      0,
      1,
      2,
      3,
      4,
      5,
      6,
      7,
      8,
      9,
      10,
      11,
      12,
      13
    ],
    [
      0,
      1,
      2,
      3,
      4,
      5,
      6,
      7,
      8,
      9,
      10,
      11,
      12,
      13
    ],
    [
      0,
      1,
      2,
      3,
      4,
      5,
      6,
      7,
      8,
      9,
      10,
      11,
      12,
      13
    ],
    [
      0,
      4,
      9
    ],
    [
      0,
      4,
      9
    ],
    [
      0,
      4,
      9
    ]
  ],
  "rows_score": [
    0.07983919146215257,
    0.05823439623201406,
    0.05823439623201406,
    0.025419178909348805,
    0.18929422754552466,
    0.18929422754552466
  ],
  "cols_score": [
    0.0,
    0.07983919146215257,
    0.05823439623201406,
    0.18929422754552466,
    0.1946005744321933,
    0.18929422754552466
  ],
  "rows_calc_time": [
    35.73403263092041,
    1.6276452541351318,
    1.7687904834747314,
    0,
    0.2403573989868164,
    0.25531673431396484
  ],
  "cols_calc_time": [
    35.73403263092041,
    1.6276452541351318,
    1.7687904834747314,
    0,
    0.2403573989868164,
    0.25531673431396484
  ],
  "total_score": [
    0.07983919146215257,
    0.05823439623201406,
    0.05823439623201406,
    0.1946005744321933,
    0.18929422754552466,
    0.18929422754552466
  ]
}