{
  "_rows": [
    [
      0,
      1,
      2,
      3,
      4,
      5,
      6,
      7,
      8,
      9,
      10,
      165,
      167,
      168,
      169,
      170,
      171,
      172,
      173,
      176
    ],
    [
      0,
      1,
      2,
      3,
      4,
      5,
      6,
      7,
      8,
      9,
      10,
      11,
      12,
      13,
      14,
      15,
      16,
      17,
      18,
      19
    ],
    [
      0,
      1,
      2,
      3,
      4,
      5,
      6,
      7,
      8,
      9,
      10,
      11,
      12,
      13,
      14,
      15,
      16,
      17,
      18,
      19
    ],
    [
      16,
      17,
      22,
      23,
      25,
      34,
      38,
      44,
      48,
      70,
      98,
      103,
      131,
      133,
      143,
      145,
      150,
      154,
      178,
      195
    ],
    [
      0,
      1,
      2,
      3,
      4,
      5,
      6,
      7,
      8,
      9,
      10,
      11,
      12,
      13,
      14,
      15,
      16,
      17,
      18,
      19
    ],
    [
      0,
      1,
      2,
      3,
      4,
      5,
      6,
      7,
      8,
      9,
      10,
      11,
      12,
      13,
      14,
      15,
      16,
      17,
      18,
      19
    ]
  ],
  "_cols": [
    [
      0,
      1,
      2,
      3,
      4,
      5,
      6,
      7,
      8,
      9,
      10,
      11,
      12,
      13
    ],
    [
      0,
      1,
      2,
      3,
      4,
      5,
      6,
      7,
      8,
      9,
      10,
      11,
      12,
      13
    ],
    [
      0,
      1,
      2,
      3,
      4,
      5,
      6,
      7,
      8,
      9,
      10,
      11,
      12,
      13
    ],
    [
      0,
      1,
      3,
      7,
      11
    ],
    [
      0,
      1,
      3,
      7,
      11
    ],
    [
      0,
      1,
      3,
      7,
      11
    ]
  ],
  "rows_score": [
    1.8464287225569236,
    1.9506603256126613,
    1.9506603256126613,
    2.429850606623815,
    1.95756613690626,
    1.95756613690626
  ],
  "cols_score": [
    0.0,
    1.8464287225569236,
    1.9506603256126613,
    1.95756613690626,
    2.4173430044027686,
    1.95756613690626
  ],
  "rows_calc_time": [
    5.2440807819366455,
    0.34407496452331543,
    0.3430824279785156,
    0,
    0.2261343002319336,
    0.23038840293884277
  ],
  "cols_calc_time": [
    5.2440807819366455,
    0.34407496452331543,
    0.3430824279785156,
    0,
    0.2261343002319336,
    0.23038840293884277
  ],
  "total_score": [
    1.8464287225569236,
    1.9506603256126613,
    1.9506603256126613,
    2.4173430044027686,
    1.95756613690626,
    1.95756613690626
  ]
}