{
  "_rows": [
    [
      0,
      43,
      54,
      62,
      75,
      79,
      96,
      109,
      168,
      193
    ],
    [
      0,
      1,
      2,
      3,
      4,
      5,
      6,
      7,
      8,
      9
    ],
    [
      0,
      1,
      2,
      3,
      4,
      5,
      6,
      7,
      8,
      9
    ],
    [
      12,
      55,
      62,
      78,
      117,
      132,
      174,
      176,
      189,
      198
    ],
    [
      0,
      1,
      2,
      3,
      4,
      5,
      6,
      7,
      8,
      9
    ],
    [
      0,
      1,
      2,
      3,
      4,
      5,
      6,
      7,
      8,
      9
    ]
  ],
  "_cols": [
    [
      0,
      1,
      2,
      3,
      4,
      5,
      6,
      7,
      8,
      9
    ],
    [
      0,
      1,
      2,
      3,
      4,
      5,
      6,
      7,
      8,
      9
    ],
    [
      0,
      1,
      2,
      3,
      4,
      5,
      6,
      7,
      8,
      9
    ],
    [
      1,
      4,
      7,
      8,
      9
    ],
    [
      1,
      4,
      7,
      8,
      9
    ],
    [
      1,
      4,
      7,
      8,
      9
    ]
  ],
  "rows_score": [
    0.15874447534396674,
    0.4943073562938084,
    0.4943073562938084,
    0.22606596051880146,
    0.5056074955129773,
    0.5056074955129773
  ],
  "cols_score": [
    0.0,
    0.15874447534396674,
    0.4943073562938084,
    0.5056074955129773,
    0.3328242041147109,
    0.5056074955129773
  ],
  "rows_calc_time": [
    6.990423679351807,
    0.2932159900665283,
    0.2872297763824463,
    0,
    0.1486034393310547,
    0.15036582946777344
  ],
  "cols_calc_time": [
    6.990423679351807,
    0.2932159900665283,
    0.2872297763824463,
    0,
    0.1486034393310547,
    0.15036582946777344
  ],
  "total_score": [
    0.15874447534396674,
    0.4943073562938084,
    0.4943073562938084,
    0.3328242041147109,
    0.5056074955129773,
    0.5056074955129773
  ]
}