{
  "_rows": [
    [
      0,
      1,
      2,
      3,
      4,
      5,
      6,
      7,
      8,
      9
    ],
    [
      0,
      1,
      2,
      3,
      4,
      5,
      6,
      7,
      8,
      9
    ],
    [
      22,
      37,
      65,
      93,
      117,
      127,
      135,
      139,
      174,
      192
    ],
    [
      0,
      1,
      2,
      3,
      4,
      5,
      6,
      7,
      8,
      9
    ],
    [
      0,
      1,
      2,
      3,
      4,
      5,
      6,
      7,
      8,
      9
    ]
  ],
  "_cols": [
    [
      0,
      1,
      2,
      3,
      4,
      5,
      6
    ],
    [
      0,
      1,
      2,
      3,
      4,
      5,
      6
    ],
    [
      1,
      2,
      2
    ],
    [
      1,
      2,
      2
    ],
    [
      1,
      2,
      2
    ]
  ],
  "rows_score": [
    0.0058321899504757135,
    0.0058321899504757135,
    0.01180151191945733,
    0.08239448332608722,
    0.08239448332608722
  ],
  "cols_score": [
    0.0,
    0.0058321899504757135,
    0.08239448332608722,
    0.08239448332608722,
    0.08239448332608722
  ],
  "rows_calc_time": [
    5.231966733932495,
    0.14140033721923828,
    0,
    0.2112874984741211,
    0.1899700164794922
  ],
  "cols_calc_time": [
    5.231966733932495,
    0.14140033721923828,
    0,
    0.2112874984741211,
    0.1899700164794922
  ],
  "total_score": [
    0.0058321899504757135,
    0.0058321899504757135,
    0.08239448332608722,
    0.08239448332608722,
    0.08239448332608722
  ]
}