{
  "_rows": [
    [
      0,
      1,
      5,
      40,
      98,
      101,
      126,
      160,
      165,
      195
    ],
    [
      0,
      1,
      2,
      3,
      4,
      5,
      6,
      7,
      8,
      9
    ],
    [
      0,
      1,
      2,
      3,
      4,
      5,
      6,
      7,
      8,
      9
    ],
    [
      0,
      6,
      17,
      56,
      65,
      96,
      136,
      185,
      186,
      196
    ],
    [
      0,
      1,
      2,
      3,
      4,
      5,
      6,
      7,
      8,
      9
    ],
    [
      0,
      1,
      2,
      3,
      4,
      5,
      6,
      7,
      8,
      9
    ]
  ],
  "_cols": [
    [
      0,
      1,
      2,
      3,
      4,
      5,
      6,
      7,
      8,
      9
    ],
    [
      0,
      1,
      2,
      3,
      4,
      5,
      6,
      7,
      8,
      9
    ],
    [
      0,
      1,
      2,
      3,
      4,
      5,
      6,
      7,
      8,
      9
    ],
    [
      4,
      7,
      7,
      9,
      9
    ],
    [
      4,
      7,
      7,
      9,
      9
    ],
    [
      4,
      7,
      7,
      9,
      9
    ]
  ],
  "rows_score": [
    0.1383756830591622,
    0.025007351435503283,
    0.025007351435503283,
    0.09999494616804433,
    0,
    0
  ],
  "cols_score": [
    0.0,
    0.1383756830591622,
    0.025007351435503283,
    0,
    0,
    0
  ],
  "rows_calc_time": [
    13.466260433197021,
    0.472736120223999,
    0.43635058403015137,
    0,
    0.07380270957946777,
    0.07779359817504883
  ],
  "cols_calc_time": [
    13.466260433197021,
    0.472736120223999,
    0.43635058403015137,
    0,
    0.07380270957946777,
    0.07779359817504883
  ],
  "total_score": [
    0.1383756830591622,
    0.025007351435503283,
    0.025007351435503283,
    0,
    0,
    0
  ]
}