{
  "_rows": [
    [
      0,
      3,
      32,
      71,
      79,
      92,
      106,
      124,
      151,
      192
    ],
    [
      0,
      1,
      2,
      3,
      4,
      5,
      6,
      7,
      8,
      9
    ],
    [
      0,
      1,
      2,
      3,
      4,
      5,
      6,
      7,
      8,
      9
    ],
    [
      47,
      53,
      78,
      103,
      112,
      113,
      138,
      167,
      188,
      198
    ],
    [
      0,
      1,
      2,
      3,
      4,
      5,
      6,
      7,
      8,
      9
    ],
    [
      0,
      1,
      2,
      3,
      4,
      5,
      6,
      7,
      8,
      9
    ]
  ],
  "_cols": [
    [
      0,
      1,
      2,
      3,
      4,
      5
    ],
    [
      0,
      1,
      2,
      3,
      4,
      5
    ],
    [
      0,
      1,
      2,
      3,
      4,
      5
    ],
    [
      0,
      0,
      1,
      2,
      4
    ],
    [
      0,
      0,
      1,
      2,
      4
    ],
    [
      0,
      0,
      1,
      2,
      4
    ]
  ],
  "rows_score": [
    2.9107073175068527,
    3.0404953008811946,
    3.0404953008811946,
    2.9734774818890797,
    0,
    0
  ],
  "cols_score": [
    0.0,
    2.9107073175068527,
    3.0404953008811946,
    0,
    0,
    0
  ],
  "rows_calc_time": [
    2.598165512084961,
    0.1825106143951416,
    0.1526327133178711,
    0,
    0.18849420547485352,
    0.16555309295654297
  ],
  "cols_calc_time": [
    2.598165512084961,
    0.1825106143951416,
    0.1526327133178711,
    0,
    0.18849420547485352,
    0.16555309295654297
  ],
  "total_score": [
    2.9107073175068527,
    3.0404953008811946,
    3.0404953008811946,
    0,
    0,
    0
  ]
}