{
  "_rows": [
    [
      0,
      1,
      2,
      3,
      6,
      8,
      9,
      10,
      11,
      12,
      13,
      14,
      15,
      16,
      18,
      19,
      20,
      21,
      22,
      39
    ],
    [
      0,
      1,
      2,
      3,
      4,
      5,
      6,
      7,
      8,
      9,
      10,
      11,
      12,
      13,
      14,
      15,
      16,
      17,
      18,
      19
    ],
    [
      0,
      1,
      2,
      3,
      4,
      5,
      6,
      7,
      8,
      9,
      10,
      11,
      12,
      13,
      14,
      15,
      16,
      17,
      18,
      19
    ],
    [
      6,
      19,
      32,
      45,
      46,
      50,
      54,
      58,
      61,
      67,
      72,
      84,
      98,
      100,
      104,
      134,
      155,
      163,
      170,
      191
    ],
    [
      0,
      1,
      2,
      3,
      4,
      5,
      6,
      7,
      8,
      9,
      10,
      11,
      12,
      13,
      14,
      15,
      16,
      17,
      18,
      19
    ],
    [
      0,
      1,
      2,
      3,
      4,
      5,
      6,
      7,
      8,
      9,
      10,
      11,
      12,
      13,
      14,
      15,
      16,
      17,
      18,
      19
    ]
  ],
  "_cols": [
    [
      0,
      1,
      2,
      3,
      4,
      5,
      6,
      7,
      8,
      9,
      10,
      11,
      12,
      13
    ],
    [
      0,
      1,
      2,
      3,
      4,
      5,
      6,
      7,
      8,
      9,
      10,
      11,
      12,
      13
    ],
    [
      0,
      1,
      2,
      3,
      4,
      5,
      6,
      7,
      8,
      9,
      10,
      11,
      12,
      13
    ],
    [
      0,
      2,
      5,
      10,
      13
    ],
    [
      0,
      2,
      5,
      10,
      13
    ],
    [
      0,
      2,
      5,
      10,
      13
    ]
  ],
  "rows_score": [
    1.1207501726771154,
    1.461864518629548,
    1.461864518629548,
    0.6701487250980178,
    2.437553580482732,
    2.437553580482732
  ],
  "cols_score": [
    0.0,
    1.1207501726771154,
    1.461864518629548,
    2.437553580482732,
    2.2317732848574607,
    2.437553580482732
  ],
  "rows_calc_time": [
    11.89069938659668,
    0.7849009037017822,
    0.7829060554504395,
    0,
    0.44381284713745117,
    0.4478023052215576
  ],
  "cols_calc_time": [
    11.89069938659668,
    0.7849009037017822,
    0.7829060554504395,
    0,
    0.44381284713745117,
    0.4478023052215576
  ],
  "total_score": [
    1.1207501726771154,
    1.461864518629548,
    1.461864518629548,
    2.2317732848574607,
    2.437553580482732,
    2.437553580482732
  ]
}