{
  "_rows": [
    [
      0,
      14,
      35,
      40,
      42,
      56,
      63,
      64,
      65,
      128
    ],
    [
      0,
      1,
      2,
      3,
      4,
      5,
      6,
      7,
      8,
      9
    ],
    [
      0,
      1,
      2,
      3,
      4,
      5,
      6,
      7,
      8,
      9
    ],
    [
      5,
      9,
      25,
      41,
      71,
      81,
      107,
      154,
      157,
      193
    ],
    [
      0,
      1,
      2,
      3,
      4,
      5,
      6,
      7,
      8,
      9
    ],
    [
      0,
      1,
      2,
      3,
      4,
      5,
      6,
      7,
      8,
      9
    ]
  ],
  "_cols": [
    [
      0,
      1,
      2,
      3,
      4,
      5,
      6,
      7,
      8,
      9,
      10,
      11,
      12,
      13
    ],
    [
      0,
      1,
      2,
      3,
      4,
      5,
      6,
      7,
      8,
      9,
      10,
      11,
      12,
      13
    ],
    [
      0,
      1,
      2,
      3,
      4,
      5,
      6,
      7,
      8,
      9,
      10,
      11,
      12,
      13
    ],
    [
      1,
      6,
      7,
      8,
      13
    ],
    [
      1,
      6,
      7,
      8,
      13
    ],
    [
      1,
      6,
      7,
      8,
      13
    ]
  ],
  "rows_score": [
    1.8447038360010055,
    2.0965569443526344,
    2.0965569443526344,
    2.3273909087713722,
    1.951747977171147,
    1.951747977171147
  ],
  "cols_score": [
    0.0,
    1.8447038360010055,
    2.0965569443526344,
    1.951747977171147,
    2.250374555375823,
    1.951747977171147
  ],
  "rows_calc_time": [
    3.226226568222046,
    0.1605379581451416,
    0.16656064987182617,
    0,
    0.07779169082641602,
    0.07978653907775879
  ],
  "cols_calc_time": [
    3.226226568222046,
    0.1605379581451416,
    0.16656064987182617,
    0,
    0.07779169082641602,
    0.07978653907775879
  ],
  "total_score": [
    1.8447038360010055,
    2.0965569443526344,
    2.0965569443526344,
    2.250374555375823,
    1.951747977171147,
    1.951747977171147
  ]
}