{
  "_rows": [
    [
      0,
      10,
      29,
      41,
      48,
      51,
      78,
      86,
      143,
      197
    ],
    [
      0,
      1,
      2,
      3,
      4,
      5,
      6,
      7,
      8,
      9
    ],
    [
      0,
      1,
      2,
      3,
      4,
      5,
      6,
      7,
      8,
      9
    ],
    [
      30,
      38,
      77,
      82,
      84,
      89,
      101,
      114,
      143,
      198
    ],
    [
      0,
      1,
      2,
      3,
      4,
      5,
      6,
      7,
      8,
      9
    ],
    [
      0,
      1,
      2,
      3,
      4,
      5,
      6,
      7,
      8,
      9
    ]
  ],
  "_cols": [
    [
      0,
      1,
      2,
      3,
      4,
      5,
      6
    ],
    [
      0,
      1,
      2,
      3,
      4,
      5,
      6
    ],
    [
      0,
      1,
      2,
      3,
      4,
      5,
      6
    ],
    [
      3,
      4,
      6
    ],
    [
      3,
      4,
      6
    ],
    [
      3,
      4,
      6
    ]
  ],
  "rows_score": [
    2.273116077667868,
    2.273909998379817,
    2.273909998379817,
    2.2742705971996986,
    2.2731655225850607,
    2.2731655225850607
  ],
  "cols_score": [
    0.0,
    2.273116077667868,
    2.273909998379817,
    2.2731655225850607,
    2.273115218372235,
    2.2731655225850607
  ],
  "rows_calc_time": [
    2.53161883354187,
    0.0962672233581543,
    0.09271812438964844,
    0,
    0.06685853004455566,
    0.06605291366577148
  ],
  "cols_calc_time": [
    2.53161883354187,
    0.0962672233581543,
    0.09271812438964844,
    0,
    0.06685853004455566,
    0.06605291366577148
  ],
  "total_score": [
    2.273116077667868,
    2.273909998379817,
    2.273909998379817,
    2.273115218372235,
    2.2731655225850607,
    2.2731655225850607
  ]
}