{
  "_rows": [
    [
      0,
      88,
      130,
      135,
      137,
      164,
      180,
      181,
      184,
      189
    ],
    [
      0,
      1,
      2,
      3,
      4,
      5,
      6,
      7,
      8,
      9
    ],
    [
      0,
      1,
      2,
      3,
      4,
      5,
      6,
      7,
      8,
      9
    ],
    [
      10,
      36,
      39,
      55,
      62,
      66,
      67,
      126,
      149,
      152
    ],
    [
      0,
      1,
      2,
      3,
      4,
      5,
      6,
      7,
      8,
      9
    ],
    [
      0,
      1,
      2,
      3,
      4,
      5,
      6,
      7,
      8,
      9
    ]
  ],
  "_cols": [
    [
      0,
      1,
      2,
      3,
      4,
      5,
      6
    ],
    [
      0,
      1,
      2,
      3,
      4,
      5,
      6
    ],
    [
      0,
      1,
      2,
      3,
      4,
      5,
      6
    ],
    [
      0,
      1,
      2,
      4,
      6
    ],
    [
      0,
      1,
      2,
      4,
      6
    ],
    [
      0,
      1,
      2,
      4,
      6
    ]
  ],
  "rows_score": [
    0.754782655461552,
    1.28408811859235,
    1.28408811859235,
    1.2913618122769759,
    1.3002636426492928,
    1.3002636426492928
  ],
  "cols_score": [
    0.0,
    0.754782655461552,
    1.28408811859235,
    1.3002636426492928,
    1.3002304486792045,
    1.3002636426492928
  ],
  "rows_calc_time": [
    8.155679941177368,
    0.335071325302124,
    0.29324936866760254,
    0,
    0.17449355125427246,
    0.15710115432739258
  ],
  "cols_calc_time": [
    8.155679941177368,
    0.335071325302124,
    0.29324936866760254,
    0,
    0.17449355125427246,
    0.15710115432739258
  ],
  "total_score": [
    0.754782655461552,
    1.28408811859235,
    1.28408811859235,
    1.3002304486792045,
    1.3002636426492928,
    1.3002636426492928
  ]
}