{
  "_rows": [
    [
      8,
      10,
      37,
      46,
      47,
      53,
      54,
      57,
      63,
      67
    ],
    [
      0,
      1,
      2,
      3,
      4,
      5,
      6,
      7,
      8,
      9
    ],
    [
      0,
      1,
      2,
      3,
      4,
      5,
      6,
      7,
      8,
      9
    ],
    [
      2,
      5,
      58,
      59,
      77,
      101,
      117,
      123,
      124,
      160
    ],
    [
      0,
      1,
      2,
      3,
      4,
      5,
      6,
      7,
      8,
      9
    ],
    [
      0,
      1,
      2,
      3,
      4,
      5,
      6,
      7,
      8,
      9
    ]
  ],
  "_cols": [
    [
      0,
      1,
      2,
      3,
      4,
      5
    ],
    [
      0,
      1,
      2,
      3,
      4,
      5
    ],
    [
      0,
      1,
      2,
      3,
      4,
      5
    ],
    [
      0,
      0,
      1,
      1,
      4
    ],
    [
      0,
      0,
      1,
      1,
      4
    ],
    [
      0,
      0,
      1,
      1,
      4
    ]
  ],
  "rows_score": [
    2.4219861622169603,
    0.6417290551818375,
    0.6417290551818375,
    0.5835444376605343,
    6.492054531257357,
    6.492054531257357
  ],
  "cols_score": [
    0.0,
    2.4219861622169603,
    0.6417290551818375,
    6.492054531257357,
    4.969441614661956,
    6.492054531257357
  ],
  "rows_calc_time": [
    5.905864000320435,
    0.18607616424560547,
    0.2552826404571533,
    0,
    0.8479411602020264,
    0.8271119594573975
  ],
  "cols_calc_time": [
    5.905864000320435,
    0.18607616424560547,
    0.2552826404571533,
    0,
    0.8479411602020264,
    0.8271119594573975
  ],
  "total_score": [
    2.4219861622169603,
    0.6417290551818375,
    0.6417290551818375,
    4.969441614661956,
    6.492054531257357,
    6.492054531257357
  ]
}