{
  "_rows": [
    [
      0,
      3,
      32,
      38,
      49,
      60,
      64,
      71,
      73,
      77,
      79,
      86,
      90,
      92,
      106,
      124,
      141,
      143,
      170,
      192
    ],
    [
      0,
      1,
      2,
      3,
      4,
      5,
      6,
      7,
      8,
      9,
      10,
      11,
      12,
      13,
      14,
      15,
      16,
      17,
      18,
      19
    ],
    [
      0,
      1,
      2,
      3,
      4,
      5,
      6,
      7,
      8,
      9,
      10,
      11,
      12,
      13,
      14,
      15,
      16,
      17,
      18,
      19
    ],
    [
      1,
      35,
      42,
      45,
      47,
      72,
      73,
      79,
      80,
      100,
      107,
      119,
      126,
      152,
      161,
      163,
      182,
      183,
      191,
      199
    ],
    [
      0,
      1,
      2,
      3,
      4,
      5,
      6,
      7,
      8,
      9,
      10,
      11,
      12,
      13,
      14,
      15,
      16,
      17,
      18,
      19
    ],
    [
      0,
      1,
      2,
      3,
      4,
      5,
      6,
      7,
      8,
      9,
      10,
      11,
      12,
      13,
      14,
      15,
      16,
      17,
      18,
      19
    ]
  ],
  "_cols": [
    [
      0,
      1,
      2,
      3,
      4,
      5
    ],
    [
      0,
      1,
      2,
      3,
      4,
      5
    ],
    [
      0,
      1,
      2,
      3,
      4,
      5
    ],
    [
      3,
      3,
      5
    ],
    [
      3,
      3,
      5
    ],
    [
      3,
      3,
      5
    ]
  ],
  "rows_score": [
    2.210395376535778,
    2.2519284522165863,
    2.2519284522165863,
    2.2926507250328134,
    0,
    0
  ],
  "cols_score": [
    0.0,
    2.210395376535778,
    2.2519284522165863,
    0,
    0,
    0
  ],
  "rows_calc_time": [
    4.227536916732788,
    0.26476144790649414,
    0.24182939529418945,
    0,
    0.2993178367614746,
    0.29955148696899414
  ],
  "cols_calc_time": [
    4.227536916732788,
    0.26476144790649414,
    0.24182939529418945,
    0,
    0.2993178367614746,
    0.29955148696899414
  ],
  "total_score": [
    2.210395376535778,
    2.2519284522165863,
    2.2519284522165863,
    0,
    0,
    0
  ]
}