{
  "_rows": [
    [
      0,
      1,
      2,
      3,
      4,
      5,
      6,
      7,
      8,
      35
    ],
    [
      0,
      1,
      2,
      3,
      4,
      5,
      6,
      7,
      8,
      9
    ],
    [
      0,
      1,
      2,
      3,
      4,
      5,
      6,
      7,
      8,
      9
    ],
    [
      11,
      19,
      33,
      45,
      102,
      167,
      173,
      175,
      179,
      193
    ],
    [
      0,
      1,
      2,
      3,
      4,
      5,
      6,
      7,
      8,
      9
    ],
    [
      0,
      1,
      2,
      3,
      4,
      5,
      6,
      7,
      8,
      9
    ]
  ],
  "_cols": [
    [
      0,
      1,
      2,
      3,
      4,
      5,
      6,
      7,
      8,
      9,
      10,
      11,
      12,
      13
    ],
    [
      0,
      1,
      2,
      3,
      4,
      5,
      6,
      7,
      8,
      9,
      10,
      11,
      12,
      13
    ],
    [
      0,
      1,
      2,
      3,
      4,
      5,
      6,
      7,
      8,
      9,
      10,
      11,
      12,
      13
    ],
    [
      1,
      2,
      12
    ],
    [
      1,
      2,
      12
    ],
    [
      1,
      2,
      12
    ]
  ],
  "rows_score": [
    0.08146872671356678,
    0.06968319870540005,
    0.06968319870540005,
    0.05376184398268362,
    0.12021424038262152,
    0.12021424038262152
  ],
  "cols_score": [
    0.0,
    0.08146872671356678,
    0.06968319870540005,
    0.12021424038262152,
    0.12021424038262152,
    0.12021424038262152
  ],
  "rows_calc_time": [
    19.088074207305908,
    0.5481173992156982,
    0.4942655563354492,
    0,
    0.049561262130737305,
    0.04953432083129883
  ],
  "cols_calc_time": [
    19.088074207305908,
    0.5481173992156982,
    0.4942655563354492,
    0,
    0.049561262130737305,
    0.04953432083129883
  ],
  "total_score": [
    0.08146872671356678,
    0.06968319870540005,
    0.06968319870540005,
    0.12021424038262152,
    0.12021424038262152,
    0.12021424038262152
  ]
}