{
  "_rows": [
    [
      5,
      10,
      17,
      21,
      22,
      29,
      46,
      73,
      91,
      117,
      122,
      131,
      134,
      138,
      149,
      153,
      154,
      186,
      193,
      194
    ],
    [
      0,
      1,
      2,
      3,
      4,
      5,
      6,
      7,
      8,
      9,
      10,
      11,
      12,
      13,
      14,
      15,
      16,
      17,
      18,
      19
    ],
    [
      0,
      1,
      2,
      3,
      4,
      5,
      6,
      7,
      8,
      9,
      10,
      11,
      12,
      13,
      14,
      15,
      16,
      17,
      18,
      19
    ],
    [
      3,
      15,
      39,
      40,
      54,
      56,
      57,
      63,
      70,
      95,
      137,
      142,
      144,
      147,
      148,
      149,
      151,
      153,
      169,
      183
    ],
    [
      0,
      1,
      2,
      3,
      4,
      5,
      6,
      7,
      8,
      9,
      10,
      11,
      12,
      13,
      14,
      15,
      16,
      17,
      18,
      19
    ],
    [
      0,
      1,
      2,
      3,
      4,
      5,
      6,
      7,
      8,
      9,
      10,
      11,
      12,
      13,
      14,
      15,
      16,
      17,
      18,
      19
    ]
  ],
  "_cols": [
    [
      0,
      1,
      2,
      3,
      4,
      5,
      6,
      7,
      8,
      9
    ],
    [
      0,
      1,
      2,
      3,
      4,
      5,
      6,
      7,
      8,
      9
    ],
    [
      0,
      1,
      2,
      3,
      4,
      5,
      6,
      7,
      8,
      9
    ],
    [
      0,
      1,
      2,
      8,
      9
    ],
    [
      0,
      1,
      2,
      8,
      9
    ],
    [
      0,
      1,
      2,
      8,
      9
    ]
  ],
  "rows_score": [
    0.167325503328682,
    0.5067146545912711,
    0.5067146545912711,
    0.0012618409971034694,
    0.08652523219370334,
    0.08652523219370334
  ],
  "cols_score": [
    0.0,
    0.167325503328682,
    0.5067146545912711,
    0.08652523219370334,
    0.4422846302095713,
    0.08652523219370334
  ],
  "rows_calc_time": [
    13.829676151275635,
    0.7904551029205322,
    0.8166289329528809,
    0,
    0.5215988159179688,
    0.5053987503051758
  ],
  "cols_calc_time": [
    13.829676151275635,
    0.7904551029205322,
    0.8166289329528809,
    0,
    0.5215988159179688,
    0.5053987503051758
  ],
  "total_score": [
    0.167325503328682,
    0.5067146545912711,
    0.5067146545912711,
    0.4422846302095713,
    0.08652523219370334,
    0.08652523219370334
  ]
}