{
  "_rows": [
    [
      0,
      1,
      6,
      22,
      30,
      66,
      81,
      93,
      103,
      157
    ],
    [
      0,
      1,
      2,
      3,
      4,
      5,
      6,
      7,
      8,
      9
    ],
    [
      0,
      1,
      2,
      3,
      4,
      5,
      6,
      7,
      8,
      9
    ],
    [
      19,
      32,
      34,
      35,
      47,
      60,
      70,
      118,
      194,
      195
    ],
    [
      0,
      1,
      2,
      3,
      4,
      5,
      6,
      7,
      8,
      9
    ],
    [
      0,
      1,
      2,
      3,
      4,
      5,
      6,
      7,
      8,
      9
    ]
  ],
  "_cols": [
    [
      0,
      1,
      2,
      3,
      4,
      5
    ],
    [
      0,
      1,
      2,
      3,
      4,
      5
    ],
    [
      0,
      1,
      2,
      3,
      4,
      5
    ],
    [
      0,
      1,
      1,
      4,
      5
    ],
    [
      0,
      1,
      1,
      4,
      5
    ],
    [
      0,
      1,
      1,
      4,
      5
    ]
  ],
  "rows_score": [
    0.0264772050020875,
    0.3409957460489621,
    0.3409957460489621,
    0.2381176477105848,
    0,
    0
  ],
  "cols_score": [
    0.0,
    0.0264772050020875,
    0.3409957460489621,
    0,
    0,
    0
  ],
  "rows_calc_time": [
    6.341554164886475,
    0.2503681182861328,
    0.2054123878479004,
    0,
    0.07679438591003418,
    0.08975982666015625
  ],
  "cols_calc_time": [
    6.341554164886475,
    0.2503681182861328,
    0.2054123878479004,
    0,
    0.07679438591003418,
    0.08975982666015625
  ],
  "total_score": [
    0.0264772050020875,
    0.3409957460489621,
    0.3409957460489621,
    0,
    0,
    0
  ]
}