{
  "_rows": [
    [
      0,
      1,
      3,
      9,
      13,
      14,
      15,
      16,
      22,
      23
    ],
    [
      0,
      1,
      2,
      3,
      4,
      5,
      6,
      7,
      8,
      9
    ],
    [
      0,
      1,
      2,
      3,
      4,
      5,
      6,
      7,
      8,
      9
    ],
    [
      46,
      50,
      54,
      95,
      99,
      143,
      175,
      176,
      180,
      182
    ],
    [
      0,
      1,
      2,
      3,
      4,
      5,
      6,
      7,
      8,
      9
    ],
    [
      0,
      1,
      2,
      3,
      4,
      5,
      6,
      7,
      8,
      9
    ]
  ],
  "_cols": [
    [
      0,
      1,
      2,
      3,
      4,
      5,
      6,
      7,
      8,
      9
    ],
    [
      0,
      1,
      2,
      3,
      4,
      5,
      6,
      7,
      8,
      9
    ],
    [
      0,
      1,
      2,
      3,
      4,
      5,
      6,
      7,
      8,
      9
    ],
    [
      1,
      5,
      5,
      5,
      7
    ],
    [
      1,
      5,
      5,
      5,
      7
    ],
    [
      1,
      5,
      5,
      5,
      7
    ]
  ],
  "rows_score": [
    2.6361682341210018,
    2.7062297647857534,
    2.7062297647857534,
    2.9517986291940024,
    0,
    0
  ],
  "cols_score": [
    0.0,
    2.6361682341210018,
    2.7062297647857534,
    0,
    0,
    0
  ],
  "rows_calc_time": [
    2.8931968212127686,
    0.140655517578125,
    0.1406245231628418,
    0,
    0.1545872688293457,
    0.15358757972717285
  ],
  "cols_calc_time": [
    2.8931968212127686,
    0.140655517578125,
    0.1406245231628418,
    0,
    0.1545872688293457,
    0.15358757972717285
  ],
  "total_score": [
    2.6361682341210018,
    2.7062297647857534,
    2.7062297647857534,
    0,
    0,
    0
  ]
}