{
  "_rows": [
    [
      0,
      16,
      60,
      61,
      62,
      63,
      65,
      66,
      67,
      115,
      123,
      124,
      127,
      128,
      140,
      141,
      142,
      143,
      163,
      172
    ],
    [
      0,
      1,
      2,
      3,
      4,
      5,
      6,
      7,
      8,
      9,
      10,
      11,
      12,
      13,
      14,
      15,
      16,
      17,
      18,
      19
    ],
    [
      0,
      1,
      2,
      3,
      4,
      5,
      6,
      7,
      8,
      9,
      10,
      11,
      12,
      13,
      14,
      15,
      16,
      17,
      18,
      19
    ],
    [
      0,
      4,
      18,
      22,
      35,
      40,
      64,
      69,
      81,
      87,
      91,
      121,
      125,
      130,
      149,
      163,
      175,
      180,
      183,
      189
    ],
    [
      0,
      1,
      2,
      3,
      4,
      5,
      6,
      7,
      8,
      9,
      10,
      11,
      12,
      13,
      14,
      15,
      16,
      17,
      18,
      19
    ],
    [
      0,
      1,
      2,
      3,
      4,
      5,
      6,
      7,
      8,
      9,
      10,
      11,
      12,
      13,
      14,
      15,
      16,
      17,
      18,
      19
    ]
  ],
  "_cols": [
    [
      0,
      1,
      2,
      3,
      4,
      5,
      6,
      7,
      8,
      9,
      10,
      11,
      12,
      13
    ],
    [
      0,
      1,
      2,
      3,
      4,
      5,
      6,
      7,
      8,
      9,
      10,
      11,
      12,
      13
    ],
    [
      0,
      1,
      2,
      3,
      4,
      5,
      6,
      7,
      8,
      9,
      10,
      11,
      12,
      13
    ],
    [
      5,
      8,
      10,
      11,
      11
    ],
    [
      5,
      8,
      10,
      11,
      11
    ],
    [
      5,
      8,
      10,
      11,
      11
    ]
  ],
  "rows_score": [
    0.13245409163679878,
    0.5023262476749684,
    0.5023262476749684,
    0.23285396456490293,
    0.6858370797655596,
    0.6858370797655596
  ],
  "cols_score": [
    0.0,
    0.13245409163679878,
    0.5023262476749684,
    0.6858370797655596,
    0.2388554841774725,
    0.6858370797655596
  ],
  "rows_calc_time": [
    16.928394079208374,
    1.1404857635498047,
    1.1367440223693848,
    0,
    2.1038565635681152,
    2.1404547691345215
  ],
  "cols_calc_time": [
    16.928394079208374,
    1.1404857635498047,
    1.1367440223693848,
    0,
    2.1038565635681152,
    2.1404547691345215
  ],
  "total_score": [
    0.13245409163679878,
    0.5023262476749684,
    0.5023262476749684,
    0.2388554841774725,
    0.6858370797655596,
    0.6858370797655596
  ]
}