{
  "_rows": [
    [
      0,
      1,
      2,
      16,
      17,
      19,
      62,
      63,
      65,
      66
    ],
    [
      0,
      1,
      2,
      3,
      4,
      5,
      6,
      7,
      8,
      9
    ],
    [
      0,
      1,
      2,
      3,
      4,
      5,
      6,
      7,
      8,
      9
    ],
    [
      5,
      33,
      57,
      90,
      96,
      133,
      153,
      160,
      163,
      177
    ],
    [
      0,
      1,
      2,
      3,
      4,
      5,
      6,
      7,
      8,
      9
    ],
    [
      0,
      1,
      2,
      3,
      4,
      5,
      6,
      7,
      8,
      9
    ]
  ],
  "_cols": [
    [
      0,
      1,
      2,
      3,
      4,
      5,
      6,
      7,
      8,
      9,
      10,
      11,
      12,
      13
    ],
    [
      0,
      1,
      2,
      3,
      4,
      5,
      6,
      7,
      8,
      9,
      10,
      11,
      12,
      13
    ],
    [
      0,
      1,
      2,
      3,
      4,
      5,
      6,
      7,
      8,
      9,
      10,
      11,
      12,
      13
    ],
    [
      3,
      3,
      10
    ],
    [
      3,
      3,
      10
    ],
    [
      3,
      3,
      10
    ]
  ],
  "rows_score": [
    0.5047136382279281,
    0.6642898066596997,
    0.6642898066596997,
    0.04363403886149675,
    0,
    0
  ],
  "cols_score": [
    0.0,
    0.5047136382279281,
    0.6642898066596997,
    0,
    0,
    0
  ],
  "rows_calc_time": [
    19.714012622833252,
    0.8251810073852539,
    0.8190264701843262,
    0,
    0.0578763484954834,
    0.055464744567871094
  ],
  "cols_calc_time": [
    19.714012622833252,
    0.8251810073852539,
    0.8190264701843262,
    0,
    0.0578763484954834,
    0.055464744567871094
  ],
  "total_score": [
    0.5047136382279281,
    0.6642898066596997,
    0.6642898066596997,
    0,
    0,
    0
  ]
}