{
  "_rows": [
    [
      8,
      9,
      10,
      14,
      23,
      27,
      31,
      34,
      37,
      39,
      45,
      46,
      47,
      51,
      53,
      54,
      57,
      59,
      63,
      67
    ],
    [
      0,
      1,
      2,
      3,
      4,
      5,
      6,
      7,
      8,
      9,
      10,
      11,
      12,
      13,
      14,
      15,
      16,
      17,
      18,
      19
    ],
    [
      0,
      1,
      2,
      3,
      4,
      5,
      6,
      7,
      8,
      9,
      10,
      11,
      12,
      13,
      14,
      15,
      16,
      17,
      18,
      19
    ],
    [
      2,
      4,
      11,
      26,
      36,
      37,
      38,
      45,
      57,
      60,
      77,
      93,
      101,
      108,
      133,
      140,
      141,
      148,
      160,
      182
    ],
    [
      0,
      1,
      2,
      3,
      4,
      5,
      6,
      7,
      8,
      9,
      10,
      11,
      12,
      13,
      14,
      15,
      16,
      17,
      18,
      19
    ],
    [
      0,
      1,
      2,
      3,
      4,
      5,
      6,
      7,
      8,
      9,
      10,
      11,
      12,
      13,
      14,
      15,
      16,
      17,
      18,
      19
    ]
  ],
  "_cols": [
    [
      0,
      1,
      2,
      3,
      4,
      5
    ],
    [
      0,
      1,
      2,
      3,
      4,
      5
    ],
    [
      0,
      1,
      2,
      3,
      4,
      5
    ],
    [
      0,
      0,
      1,
      1,
      1
    ],
    [
      0,
      0,
      1,
      1,
      1
    ],
    [
      0,
      0,
      1,
      1,
      1
    ]
  ],
  "rows_score": [
    2.604683237733325,
    0.5371436060916182,
    0.5371436060916182,
    0.6786113574621462,
    6.573912852458471,
    6.573912852458471
  ],
  "cols_score": [
    0.0,
    2.604683237733325,
    0.5371436060916182,
    6.573912852458471,
    4.750762896453263,
    6.573912852458471
  ],
  "rows_calc_time": [
    10.278441190719604,
    0.5401172637939453,
    0.5305428504943848,
    0,
    1.7852520942687988,
    2.0537071228027344
  ],
  "cols_calc_time": [
    10.278441190719604,
    0.5401172637939453,
    0.5305428504943848,
    0,
    1.7852520942687988,
    2.0537071228027344
  ],
  "total_score": [
    2.604683237733325,
    0.5371436060916182,
    0.5371436060916182,
    4.750762896453263,
    6.573912852458471,
    6.573912852458471
  ]
}