{
  "_rows": [
    [
      6,
      8,
      12,
      33,
      41,
      47,
      52,
      88,
      101,
      106,
      107,
      130,
      131,
      134,
      137,
      146,
      172,
      173,
      176,
      180
    ],
    [
      0,
      1,
      2,
      3,
      4,
      5,
      6,
      7,
      8,
      9,
      10,
      11,
      12,
      13,
      14,
      15,
      16,
      17,
      18,
      19
    ],
    [
      0,
      1,
      2,
      3,
      4,
      5,
      6,
      7,
      8,
      9,
      10,
      11,
      12,
      13,
      14,
      15,
      16,
      17,
      18,
      19
    ],
    [
      22,
      27,
      30,
      42,
      47,
      55,
      76,
      94,
      95,
      98,
      102,
      114,
      116,
      119,
      123,
      146,
      147,
      166,
      175,
      179
    ],
    [
      0,
      1,
      2,
      3,
      4,
      5,
      6,
      7,
      8,
      9,
      10,
      11,
      12,
      13,
      14,
      15,
      16,
      17,
      18,
      19
    ],
    [
      0,
      1,
      2,
      3,
      4,
      5,
      6,
      7,
      8,
      9,
      10,
      11,
      12,
      13,
      14,
      15,
      16,
      17,
      18,
      19
    ]
  ],
  "_cols": [
    [
      0,
      1,
      2,
      3,
      4,
      5,
      6
    ],
    [
      0,
      1,
      2,
      3,
      4,
      5,
      6
    ],
    [
      0,
      1,
      2,
      3,
      4,
      5,
      6
    ],
    [
      1,
      1,
      4,
      4,
      5
    ],
    [
      1,
      1,
      4,
      4,
      5
    ],
    [
      1,
      1,
      4,
      4,
      5
    ]
  ],
  "rows_score": [
    1.3924326155640552,
    5.6548354458635846,
    5.6548354458635846,
    6.254821615391878,
    8.527629765194227,
    8.527629765194227
  ],
  "cols_score": [
    0.0,
    1.3924326155640552,
    5.6548354458635846,
    8.527629765194227,
    8.291634865930472,
    8.527629765194227
  ],
  "rows_calc_time": [
    11.200952768325806,
    0.6230816841125488,
    0.6250717639923096,
    0,
    1.7786729335784912,
    1.7563412189483643
  ],
  "cols_calc_time": [
    11.200952768325806,
    0.6230816841125488,
    0.6250717639923096,
    0,
    1.7786729335784912,
    1.7563412189483643
  ],
  "total_score": [
    1.3924326155640552,
    5.6548354458635846,
    5.6548354458635846,
    8.291634865930472,
    8.527629765194227,
    8.527629765194227
  ]
}