{
  "_rows": [
    [
      0,
      4,
      5,
      7,
      14,
      20,
      34,
      35,
      39,
      40,
      42,
      49,
      56,
      61,
      62,
      63,
      64,
      65,
      74,
      128
    ],
    [
      0,
      1,
      2,
      3,
      4,
      5,
      6,
      7,
      8,
      9,
      10,
      11,
      12,
      13,
      14,
      15,
      16,
      17,
      18,
      19
    ],
    [
      0,
      1,
      2,
      3,
      4,
      5,
      6,
      7,
      8,
      9,
      10,
      11,
      12,
      13,
      14,
      15,
      16,
      17,
      18,
      19
    ],
    [
      5,
      13,
      15,
      23,
      49,
      50,
      55,
      70,
      73,
      96,
      108,
      115,
      124,
      128,
      131,
      147,
      175,
      178,
      181,
      185
    ],
    [
      0,
      1,
      2,
      3,
      4,
      5,
      6,
      7,
      8,
      9,
      10,
      11,
      12,
      13,
      14,
      15,
      16,
      17,
      18,
      19
    ],
    [
      0,
      1,
      2,
      3,
      4,
      5,
      6,
      7,
      8,
      9,
      10,
      11,
      12,
      13,
      14,
      15,
      16,
      17,
      18,
      19
    ]
  ],
  "_cols": [
    [
      0,
      1,
      2,
      3,
      4,
      5,
      6,
      7,
      8,
      9,
      10,
      11,
      12,
      13
    ],
    [
      0,
      1,
      2,
      3,
      4,
      5,
      6,
      7,
      8,
      9,
      10,
      11,
      12,
      13
    ],
    [
      0,
      1,
      2,
      3,
      4,
      5,
      6,
      7,
      8,
      9,
      10,
      11,
      12,
      13
    ],
    [
      3,
      8,
      10
    ],
    [
      3,
      8,
      10
    ],
    [
      3,
      8,
      10
    ]
  ],
  "rows_score": [
    1.3788204728656417,
    1.7741208293241577,
    1.7741208293241577,
    1.8875532422335572,
    2.080099347453826,
    2.080099347453826
  ],
  "cols_score": [
    0.0,
    1.3788204728656417,
    1.7741208293241577,
    2.080099347453826,
    2.3855295914118777,
    2.080099347453826
  ],
  "rows_calc_time": [
    5.483663320541382,
    0.3277735710144043,
    0.3266599178314209,
    0,
    0.19684147834777832,
    0.19817638397216797
  ],
  "cols_calc_time": [
    5.483663320541382,
    0.3277735710144043,
    0.3266599178314209,
    0,
    0.19684147834777832,
    0.19817638397216797
  ],
  "total_score": [
    1.3788204728656417,
    1.7741208293241577,
    1.7741208293241577,
    2.3855295914118777,
    2.080099347453826,
    2.080099347453826
  ]
}