{
  "_rows": [
    [
      0,
      33,
      35,
      37,
      38,
      43,
      54,
      62,
      75,
      79,
      96,
      98,
      105,
      109,
      128,
      129,
      165,
      168,
      188,
      193
    ],
    [
      0,
      1,
      2,
      3,
      4,
      5,
      6,
      7,
      8,
      9,
      10,
      11,
      12,
      13,
      14,
      15,
      16,
      17,
      18,
      19
    ],
    [
      0,
      1,
      2,
      3,
      4,
      5,
      6,
      7,
      8,
      9,
      10,
      11,
      12,
      13,
      14,
      15,
      16,
      17,
      18,
      19
    ],
    [
      3,
      14,
      32,
      35,
      51,
      60,
      61,
      99,
      112,
      117,
      137,
      142,
      148,
      150,
      160,
      162,
      171,
      178,
      185,
      192
    ],
    [
      0,
      1,
      2,
      3,
      4,
      5,
      6,
      7,
      8,
      9,
      10,
      11,
      12,
      13,
      14,
      15,
      16,
      17,
      18,
      19
    ],
    [
      0,
      1,
      2,
      3,
      4,
      5,
      6,
      7,
      8,
      9,
      10,
      11,
      12,
      13,
      14,
      15,
      16,
      17,
      18,
      19
    ]
  ],
  "_cols": [
    [
      0,
      1,
      2,
      3,
      4,
      5,
      6,
      7,
      8,
      9
    ],
    [
      0,
      1,
      2,
      3,
      4,
      5,
      6,
      7,
      8,
      9
    ],
    [
      0,
      1,
      2,
      3,
      4,
      5,
      6,
      7,
      8,
      9
    ],
    [
      0,
      6,
      7,
      7,
      9
    ],
    [
      0,
      6,
      7,
      7,
      9
    ],
    [
      0,
      6,
      7,
      7,
      9
    ]
  ],
  "rows_score": [
    0.1347092580818976,
    0.47305000677540243,
    0.47305000677540243,
    0.10597456858496956,
    0.4901006527693952,
    0.4901006527693952
  ],
  "cols_score": [
    0.0,
    0.1347092580818976,
    0.47305000677540243,
    0.4901006527693952,
    0.16866038529484983,
    0.4901006527693952
  ],
  "rows_calc_time": [
    11.897199869155884,
    0.715087890625,
    0.7300870418548584,
    0,
    1.9632487297058105,
    1.9632835388183594
  ],
  "cols_calc_time": [
    11.897199869155884,
    0.715087890625,
    0.7300870418548584,
    0,
    1.9632487297058105,
    1.9632835388183594
  ],
  "total_score": [
    0.1347092580818976,
    0.47305000677540243,
    0.47305000677540243,
    0.16866038529484983,
    0.4901006527693952,
    0.4901006527693952
  ]
}