{
  "_rows": [
    [
      0,
      1,
      2,
      3,
      4,
      5,
      6,
      7,
      19,
      34
    ],
    [
      0,
      1,
      2,
      3,
      4,
      5,
      6,
      7,
      8,
      9
    ],
    [
      0,
      1,
      2,
      3,
      4,
      5,
      6,
      7,
      8,
      9
    ],
    [
      1,
      20,
      47,
      71,
      78,
      111,
      159,
      170,
      188,
      190
    ],
    [
      0,
      1,
      2,
      3,
      4,
      5,
      6,
      7,
      8,
      9
    ],
    [
      0,
      1,
      2,
      3,
      4,
      5,
      6,
      7,
      8,
      9
    ]
  ],
  "_cols": [
    [
      0,
      1,
      2,
      3,
      4,
      5,
      6,
      7,
      8,
      9,
      10,
      11,
      12,
      13
    ],
    [
      0,
      1,
      2,
      3,
      4,
      5,
      6,
      7,
      8,
      9,
      10,
      11,
      12,
      13
    ],
    [
      0,
      1,
      2,
      3,
      4,
      5,
      6,
      7,
      8,
      9,
      10,
      11,
      12,
      13
    ],
    [
      0,
      4,
      10
    ],
    [
      0,
      4,
      10
    ],
    [
      0,
      4,
      10
    ]
  ],
  "rows_score": [
    0.08363391957573396,
    0.06008129442131527,
    0.06008129442131527,
    0.1648189012205143,
    0.0962999349905389,
    0.0962999349905389
  ],
  "cols_score": [
    0.0,
    0.08363391957573396,
    0.06008129442131527,
    0.0962999349905389,
    0.1758655919853698,
    0.0962999349905389
  ],
  "rows_calc_time": [
    6.7953574657440186,
    0.27826881408691406,
    0.26763367652893066,
    0,
    0.08208298683166504,
    0.08564257621765137
  ],
  "cols_calc_time": [
    6.7953574657440186,
    0.27826881408691406,
    0.26763367652893066,
    0,
    0.08208298683166504,
    0.08564257621765137
  ],
  "total_score": [
    0.08363391957573396,
    0.06008129442131527,
    0.06008129442131527,
    0.1758655919853698,
    0.0962999349905389,
    0.0962999349905389
  ]
}