{
  "_rows": [
    [
      0,
      1,
      3,
      13,
      14,
      15,
      16,
      22,
      23,
      31
    ],
    [
      0,
      1,
      2,
      3,
      4,
      5,
      6,
      7,
      8,
      9
    ],
    [
      0,
      1,
      2,
      3,
      4,
      5,
      6,
      7,
      8,
      9
    ],
    [
      0,
      26,
      38,
      67,
      99,
      124,
      182,
      188,
      191,
      195
    ],
    [
      0,
      1,
      2,
      3,
      4,
      5,
      6,
      7,
      8,
      9
    ],
    [
      0,
      1,
      2,
      3,
      4,
      5,
      6,
      7,
      8,
      9
    ]
  ],
  "_cols": [
    [
      0,
      1,
      2,
      3,
      4,
      5,
      6,
      7,
      8,
      9
    ],
    [
      0,
      1,
      2,
      3,
      4,
      5,
      6,
      7,
      8,
      9
    ],
    [
      0,
      1,
      2,
      3,
      4,
      5,
      6,
      7,
      8,
      9
    ],
    [
      1,
      5,
      9
    ],
    [
      1,
      5,
      9
    ],
    [
      1,
      5,
      9
    ]
  ],
  "rows_score": [
    2.6801480632171417,
    2.7062297647857534,
    2.7062297647857534,
    2.6989482505931877,
    2.706710409794436,
    2.706710409794436
  ],
  "cols_score": [
    0.0,
    2.6801480632171417,
    2.7062297647857534,
    2.706710409794436,
    2.688680710851012,
    2.706710409794436
  ],
  "rows_calc_time": [
    2.61285400390625,
    0.10028600692749023,
    0.09890222549438477,
    0,
    0.060845136642456055,
    0.05704808235168457
  ],
  "cols_calc_time": [
    2.61285400390625,
    0.10028600692749023,
    0.09890222549438477,
    0,
    0.060845136642456055,
    0.05704808235168457
  ],
  "total_score": [
    2.6801480632171417,
    2.7062297647857534,
    2.7062297647857534,
    2.688680710851012,
    2.706710409794436,
    2.706710409794436
  ]
}