{
  "_rows": [
    [
      9,
      10,
      13,
      16,
      23,
      26,
      29,
      31,
      32,
      34,
      37,
      39,
      45,
      46,
      47,
      48,
      50,
      59,
      67,
      196
    ],
    [
      0,
      1,
      2,
      3,
      4,
      5,
      6,
      7,
      8,
      9,
      10,
      11,
      12,
      13,
      14,
      15,
      16,
      17,
      18,
      19
    ],
    [
      0,
      1,
      2,
      3,
      4,
      5,
      6,
      7,
      8,
      9,
      10,
      11,
      12,
      13,
      14,
      15,
      16,
      17,
      18,
      19
    ],
    [
      24,
      32,
      37,
      41,
      65,
      72,
      89,
      106,
      111,
      121,
      134,
      141,
      142,
      154,
      158,
      159,
      172,
      188,
      192,
      195
    ],
    [
      0,
      1,
      2,
      3,
      4,
      5,
      6,
      7,
      8,
      9,
      10,
      11,
      12,
      13,
      14,
      15,
      16,
      17,
      18,
      19
    ],
    [
      0,
      1,
      2,
      3,
      4,
      5,
      6,
      7,
      8,
      9,
      10,
      11,
      12,
      13,
      14,
      15,
      16,
      17,
      18,
      19
    ]
  ],
  "_cols": [
    [
      0,
      1,
      2,
      3,
      4,
      5
    ],
    [
      0,
      1,
      2,
      3,
      4,
      5
    ],
    [
      0,
      1,
      2,
      3,
      4,
      5
    ],
    [
      0,
      5,
      5
    ],
    [
      0,
      5,
      5
    ],
    [
      0,
      5,
      5
    ]
  ],
  "rows_score": [
    1.9084128364105117,
    0.5371436060916182,
    0.5371436060916182,
    0.21561654835787447,
    3.443322152134159,
    3.443322152134159
  ],
  "cols_score": [
    0.0,
    1.9084128364105117,
    0.5371436060916182,
    3.443322152134159,
    1.0529302767912743,
    3.443322152134159
  ],
  "rows_calc_time": [
    11.176555871963501,
    0.8275890350341797,
    0.6060030460357666,
    0,
    2.1342337131500244,
    1.4145896434783936
  ],
  "cols_calc_time": [
    11.176555871963501,
    0.8275890350341797,
    0.6060030460357666,
    0,
    2.1342337131500244,
    1.4145896434783936
  ],
  "total_score": [
    1.9084128364105117,
    0.5371436060916182,
    0.5371436060916182,
    1.0529302767912743,
    3.443322152134159,
    3.443322152134159
  ]
}