{
  "_rows": [
    [
      0,
      3,
      32,
      38,
      58,
      64,
      71,
      73,
      77,
      79,
      90,
      92,
      99,
      106,
      124,
      141,
      143,
      151,
      163,
      192
    ],
    [
      0,
      1,
      2,
      3,
      4,
      5,
      6,
      7,
      8,
      9,
      10,
      11,
      12,
      13,
      14,
      15,
      16,
      17,
      18,
      19
    ],
    [
      0,
      1,
      2,
      3,
      4,
      5,
      6,
      7,
      8,
      9,
      10,
      11,
      12,
      13,
      14,
      15,
      16,
      17,
      18,
      19
    ],
    [
      1,
      4,
      21,
      31,
      32,
      60,
      64,
      72,
      75,
      80,
      94,
      106,
      122,
      137,
      151,
      154,
      169,
      172,
      173,
      183
    ],
    [
      0,
      1,
      2,
      3,
      4,
      5,
      6,
      7,
      8,
      9,
      10,
      11,
      12,
      13,
      14,
      15,
      16,
      17,
      18,
      19
    ],
    [
      0,
      1,
      2,
      3,
      4,
      5,
      6,
      7,
      8,
      9,
      10,
      11,
      12,
      13,
      14,
      15,
      16,
      17,
      18,
      19
    ]
  ],
  "_cols": [
    [
      0,
      1,
      2,
      3,
      4,
      5
    ],
    [
      0,
      1,
      2,
      3,
      4,
      5
    ],
    [
      0,
      1,
      2,
      3,
      4,
      5
    ],
    [
      2,
      3,
      5,
      5,
      5
    ],
    [
      2,
      3,
      5,
      5,
      5
    ],
    [
      2,
      3,
      5,
      5,
      5
    ]
  ],
  "rows_score": [
    2.1965477366499004,
    2.2519284522165863,
    2.2519284522165863,
    2.2435541656587463,
    0,
    0
  ],
  "cols_score": [
    0.0,
    2.1965477366499004,
    2.2519284522165863,
    0,
    0,
    0
  ],
  "rows_calc_time": [
    4.837329626083374,
    0.2812478542327881,
    0.2602682113647461,
    0,
    0.45835256576538086,
    0.455737829208374
  ],
  "cols_calc_time": [
    4.837329626083374,
    0.2812478542327881,
    0.2602682113647461,
    0,
    0.45835256576538086,
    0.455737829208374
  ],
  "total_score": [
    2.1965477366499004,
    2.2519284522165863,
    2.2519284522165863,
    0,
    0,
    0
  ]
}