{
  "_rows": [
    [
      0,
      15,
      21,
      33,
      41,
      52,
      53,
      87,
      88,
      96,
      130,
      135,
      137,
      157,
      164,
      167,
      180,
      181,
      184,
      189
    ],
    [
      0,
      1,
      2,
      3,
      4,
      5,
      6,
      7,
      8,
      9,
      10,
      11,
      12,
      13,
      14,
      15,
      16,
      17,
      18,
      19
    ],
    [
      0,
      1,
      2,
      3,
      4,
      5,
      6,
      7,
      8,
      9,
      10,
      11,
      12,
      13,
      14,
      15,
      16,
      17,
      18,
      19
    ],
    [
      0,
      22,
      27,
      45,
      46,
      48,
      49,
      69,
      74,
      75,
      77,
      90,
      91,
      97,
      98,
      104,
      135,
      141,
      168,
      194
    ],
    [
      0,
      1,
      2,
      3,
      4,
      5,
      6,
      7,
      8,
      9,
      10,
      11,
      12,
      13,
      14,
      15,
      16,
      17,
      18,
      19
    ],
    [
      0,
      1,
      2,
      3,
      4,
      5,
      6,
      7,
      8,
      9,
      10,
      11,
      12,
      13,
      14,
      15,
      16,
      17,
      18,
      19
    ]
  ],
  "_cols": [
    [
      0,
      1,
      2,
      3,
      4,
      5,
      6
    ],
    [
      0,
      1,
      2,
      3,
      4,
      5,
      6
    ],
    [
      0,
      1,
      2,
      3,
      4,
      5,
      6
    ],
    [
      2,
      2,
      4,
      6,
      6
    ],
    [
      2,
      2,
      4,
      6,
      6
    ],
    [
      2,
      2,
      4,
      6,
      6
    ]
  ],
  "rows_score": [
    0.6522389729976625,
    1.2816881673105325,
    1.2816881673105325,
    0.4245927830075902,
    1.2983127004618933,
    1.2983127004618933
  ],
  "cols_score": [
    0.0,
    0.6522389729976625,
    1.2816881673105325,
    1.2983127004618933,
    1.2697683334383294,
    1.2983127004618933
  ],
  "rows_calc_time": [
    10.94364333152771,
    0.5944104194641113,
    0.5955865383148193,
    0,
    1.6742379665374756,
    1.6745212078094482
  ],
  "cols_calc_time": [
    10.94364333152771,
    0.5944104194641113,
    0.5955865383148193,
    0,
    1.6742379665374756,
    1.6745212078094482
  ],
  "total_score": [
    0.6522389729976625,
    1.2816881673105325,
    1.2816881673105325,
    1.2697683334383294,
    1.2983127004618933,
    1.2983127004618933
  ]
}