{
  "_rows": [
    [
      0,
      1,
      2,
      16,
      17,
      18,
      19,
      57,
      61,
      62,
      63,
      64,
      65,
      66,
      73,
      74,
      85,
      99,
      180,
      191
    ],
    [
      0,
      1,
      2,
      3,
      4,
      5,
      6,
      7,
      8,
      9,
      10,
      11,
      12,
      13,
      14,
      15,
      16,
      17,
      18,
      19
    ],
    [
      0,
      1,
      2,
      3,
      4,
      5,
      6,
      7,
      8,
      9,
      10,
      11,
      12,
      13,
      14,
      15,
      16,
      17,
      18,
      19
    ],
    [
      16,
      29,
      37,
      38,
      52,
      56,
      64,
      69,
      97,
      98,
      100,
      108,
      122,
      135,
      142,
      151,
      155,
      171,
      183,
      185
    ],
    [
      0,
      1,
      2,
      3,
      4,
      5,
      6,
      7,
      8,
      9,
      10,
      11,
      12,
      13,
      14,
      15,
      16,
      17,
      18,
      19
    ],
    [
      0,
      1,
      2,
      3,
      4,
      5,
      6,
      7,
      8,
      9,
      10,
      11,
      12,
      13,
      14,
      15,
      16,
      17,
      18,
      19
    ]
  ],
  "_cols": [
    [
      0,
      1,
      2,
      3,
      4,
      5,
      6,
      7,
      8,
      9,
      10,
      11,
      12,
      13
    ],
    [
      0,
      1,
      2,
      3,
      4,
      5,
      6,
      7,
      8,
      9,
      10,
      11,
      12,
      13
    ],
    [
      0,
      1,
      2,
      3,
      4,
      5,
      6,
      7,
      8,
      9,
      10,
      11,
      12,
      13
    ],
    [
      5,
      8,
      9
    ],
    [
      5,
      8,
      9
    ],
    [
      5,
      8,
      9
    ]
  ],
  "rows_score": [
    0.27426902409700965,
    0.5431174188900341,
    0.5431174188900341,
    0.061983424883029326,
    0.4618431288678645,
    0.4618431288678645
  ],
  "cols_score": [
    0.0,
    0.27426902409700965,
    0.5431174188900341,
    0.4618431288678645,
    0.12796027817021127,
    0.4618431288678645
  ],
  "rows_calc_time": [
    34.268892765045166,
    2.1252639293670654,
    2.101379632949829,
    0,
    0.256314754486084,
    0.25033092498779297
  ],
  "cols_calc_time": [
    34.268892765045166,
    2.1252639293670654,
    2.101379632949829,
    0,
    0.256314754486084,
    0.25033092498779297
  ],
  "total_score": [
    0.27426902409700965,
    0.5431174188900341,
    0.5431174188900341,
    0.12796027817021127,
    0.4618431288678645,
    0.4618431288678645
  ]
}