{
  "_rows": [
    [
      0,
      10,
      29,
      41,
      48,
      51,
      78,
      86,
      143,
      197
    ],
    [
      0,
      1,
      2,
      3,
      4,
      5,
      6,
      7,
      8,
      9
    ],
    [
      0,
      1,
      2,
      3,
      4,
      5,
      6,
      7,
      8,
      9
    ],
    [
      17,
      21,
      60,
      64,
      82,
      115,
      119,
      138,
      168,
      169
    ],
    [
      0,
      1,
      2,
      3,
      4,
      5,
      6,
      7,
      8,
      9
    ],
    [
      0,
      1,
      2,
      3,
      4,
      5,
      6,
      7,
      8,
      9
    ]
  ],
  "_cols": [
    [
      0,
      1,
      2,
      3,
      4,
      5,
      6
    ],
    [
      0,
      1,
      2,
      3,
      4,
      5,
      6
    ],
    [
      0,
      1,
      2,
      3,
      4,
      5,
      6
    ],
    [
      0,
      0,
      1,
      3,
      6
    ],
    [
      0,
      0,
      1,
      3,
      6
    ],
    [
      0,
      0,
      1,
      3,
      6
    ]
  ],
  "rows_score": [
    2.273116077667868,
    2.273909998379817,
    2.273909998379817,
    2.2735763133585025,
    0,
    0
  ],
  "cols_score": [
    0.0,
    2.273116077667868,
    2.273909998379817,
    0,
    0,
    0
  ],
  "rows_calc_time": [
    3.2723941802978516,
    0.12769198417663574,
    0.11668872833251953,
    0,
    0.2965664863586426,
    0.21838164329528809
  ],
  "cols_calc_time": [
    3.2723941802978516,
    0.12769198417663574,
    0.11668872833251953,
    0,
    0.2965664863586426,
    0.21838164329528809
  ],
  "total_score": [
    2.273116077667868,
    2.273909998379817,
    2.273909998379817,
    0,
    0,
    0
  ]
}