{
  "_rows": [
    [
      0,
      3,
      32,
      60,
      71,
      86,
      92,
      106,
      143,
      192
    ],
    [
      0,
      1,
      2,
      3,
      4,
      5,
      6,
      7,
      8,
      9
    ],
    [
      0,
      1,
      2,
      3,
      4,
      5,
      6,
      7,
      8,
      9
    ],
    [
      7,
      34,
      43,
      48,
      83,
      88,
      94,
      117,
      148,
      176
    ],
    [
      0,
      1,
      2,
      3,
      4,
      5,
      6,
      7,
      8,
      9
    ],
    [
      0,
      1,
      2,
      3,
      4,
      5,
      6,
      7,
      8,
      9
    ]
  ],
  "_cols": [
    [
      0,
      1,
      2,
      3,
      4,
      5
    ],
    [
      0,
      1,
      2,
      3,
      4,
      5
    ],
    [
      0,
      1,
      2,
      3,
      4,
      5
    ],
    [
      0,
      1,
      1
    ],
    [
      0,
      1,
      1
    ],
    [
      0,
      1,
      1
    ]
  ],
  "rows_score": [
    2.9305006719285887,
    3.0404953008811946,
    3.0404953008811946,
    2.929986454863245,
    0,
    0
  ],
  "cols_score": [
    0.0,
    2.9305006719285887,
    3.0404953008811946,
    0,
    0,
    0
  ],
  "rows_calc_time": [
    2.140713691711426,
    0.06981563568115234,
    0.06981158256530762,
    0,
    0.07779455184936523,
    0.08373451232910156
  ],
  "cols_calc_time": [
    2.140713691711426,
    0.06981563568115234,
    0.06981158256530762,
    0,
    0.07779455184936523,
    0.08373451232910156
  ],
  "total_score": [
    2.9305006719285887,
    3.0404953008811946,
    3.0404953008811946,
    0,
    0,
    0
  ]
}