{
  "_rows": [
    [
      0,
      1,
      5,
      16,
      34,
      43,
      53,
      89,
      96,
      108
    ],
    [
      0,
      1,
      2,
      3,
      4,
      5,
      6,
      7,
      8,
      9
    ],
    [
      0,
      1,
      2,
      3,
      4,
      5,
      6,
      7,
      8,
      9
    ],
    [
      8,
      13,
      16,
      32,
      37,
      58,
      95,
      101,
      162,
      165
    ],
    [
      0,
      1,
      2,
      3,
      4,
      5,
      6,
      7,
      8,
      9
    ],
    [
      0,
      1,
      2,
      3,
      4,
      5,
      6,
      7,
      8,
      9
    ]
  ],
  "_cols": [
    [
      0,
      1,
      2,
      3,
      4,
      5
    ],
    [
      0,
      1,
      2,
      3,
      4,
      5
    ],
    [
      0,
      1,
      2,
      3,
      4,
      5
    ],
    [
      1,
      1,
      2
    ],
    [
      1,
      1,
      2
    ],
    [
      1,
      1,
      2
    ]
  ],
  "rows_score": [
    0.035824806365869155,
    0.05963558093549354,
    0.05963558093549354,
    0.14754626840616336,
    0.27352229037856013,
    0.27352229037856013
  ],
  "cols_score": [
    0.0,
    0.035824806365869155,
    0.05963558093549354,
    0.27352229037856013,
    0.36502242055057266,
    0.27352229037856013
  ],
  "rows_calc_time": [
    3.977717876434326,
    0.14589786529541016,
    0.14077210426330566,
    0,
    0.33553624153137207,
    0.3324923515319824
  ],
  "cols_calc_time": [
    3.977717876434326,
    0.14589786529541016,
    0.14077210426330566,
    0,
    0.33553624153137207,
    0.3324923515319824
  ],
  "total_score": [
    0.035824806365869155,
    0.05963558093549354,
    0.05963558093549354,
    0.36502242055057266,
    0.27352229037856013,
    0.27352229037856013
  ]
}