{
  "_rows": [
    [
      0,
      1,
      2,
      9,
      18,
      19,
      59,
      66,
      71,
      72
    ],
    [
      0,
      1,
      2,
      3,
      4,
      5,
      6,
      7,
      8,
      9
    ],
    [
      0,
      1,
      2,
      3,
      4,
      5,
      6,
      7,
      8,
      9
    ],
    [
      15,
      32,
      50,
      56,
      81,
      97,
      146,
      164,
      166,
      168
    ],
    [
      0,
      1,
      2,
      3,
      4,
      5,
      6,
      7,
      8,
      9
    ],
    [
      0,
      1,
      2,
      3,
      4,
      5,
      6,
      7,
      8,
      9
    ]
  ],
  "_cols": [
    [
      0,
      1,
      2,
      3,
      4,
      5,
      6,
      7,
      8,
      9,
      10,
      11,
      12,
      13
    ],
    [
      0,
      1,
      2,
      3,
      4,
      5,
      6,
      7,
      8,
      9,
      10,
      11,
      12,
      13
    ],
    [
      0,
      1,
      2,
      3,
      4,
      5,
      6,
      7,
      8,
      9,
      10,
      11,
      12,
      13
    ],
    [
      1,
      5,
      7,
      9,
      9
    ],
    [
      1,
      5,
      7,
      9,
      9
    ],
    [
      1,
      5,
      7,
      9,
      9
    ]
  ],
  "rows_score": [
    0.35588285266522357,
    0.6642898066596997,
    0.6642898066596997,
    0.09472634840993244,
    0,
    0
  ],
  "cols_score": [
    0.0,
    0.35588285266522357,
    0.6642898066596997,
    0,
    0,
    0
  ],
  "rows_calc_time": [
    19.911136865615845,
    1.0208041667938232,
    1.0288219451904297,
    0,
    0.16954445838928223,
    0.16655445098876953
  ],
  "cols_calc_time": [
    19.911136865615845,
    1.0208041667938232,
    1.0288219451904297,
    0,
    0.16954445838928223,
    0.16655445098876953
  ],
  "total_score": [
    0.35588285266522357,
    0.6642898066596997,
    0.6642898066596997,
    0,
    0,
    0
  ]
}