{
  "_rows": [
    [
      0,
      3,
      10,
      13,
      17,
      19,
      20,
      22,
      24,
      29,
      66,
      81,
      84,
      91,
      92,
      148,
      160,
      186,
      189,
      194
    ],
    [
      0,
      1,
      2,
      3,
      4,
      5,
      6,
      7,
      8,
      9,
      10,
      11,
      12,
      13,
      14,
      15,
      16,
      17,
      18,
      19
    ],
    [
      0,
      1,
      2,
      3,
      4,
      5,
      6,
      7,
      8,
      9,
      10,
      11,
      12,
      13,
      14,
      15,
      16,
      17,
      18,
      19
    ],
    [
      0,
      18,
      30,
      41,
      46,
      51,
      59,
      66,
      71,
      89,
      94,
      99,
      107,
      115,
      118,
      130,
      148,
      154,
      180,
      199
    ],
    [
      0,
      1,
      2,
      3,
      4,
      5,
      6,
      7,
      8,
      9,
      10,
      11,
      12,
      13,
      14,
      15,
      16,
      17,
      18,
      19
    ],
    [
      0,
      1,
      2,
      3,
      4,
      5,
      6,
      7,
      8,
      9,
      10,
      11,
      12,
      13,
      14,
      15,
      16,
      17,
      18,
      19
    ]
  ],
  "_cols": [
    [
      0,
      1,
      2,
      3,
      4,
      5,
      6,
      7,
      8,
      9
    ],
    [
      0,
      1,
      2,
      3,
      4,
      5,
      6,
      7,
      8,
      9
    ],
    [
      0,
      1,
      2,
      3,
      4,
      5,
      6,
      7,
      8,
      9
    ],
    [
      5,
      7,
      8
    ],
    [
      5,
      7,
      8
    ],
    [
      5,
      7,
      8
    ]
  ],
  "rows_score": [
    0.36681919065856894,
    0.5067146545912711,
    0.5067146545912711,
    0.05365835361985227,
    0.025316232934277094,
    0.025316232934277094
  ],
  "cols_score": [
    0.0,
    0.36681919065856894,
    0.5067146545912711,
    0.025316232934277094,
    0.6952300499782745,
    0.025316232934277094
  ],
  "rows_calc_time": [
    14.701010465621948,
    0.979224443435669,
    0.9454829692840576,
    0,
    0.39690732955932617,
    0.4148857593536377
  ],
  "cols_calc_time": [
    14.701010465621948,
    0.979224443435669,
    0.9454829692840576,
    0,
    0.39690732955932617,
    0.4148857593536377
  ],
  "total_score": [
    0.36681919065856894,
    0.5067146545912711,
    0.5067146545912711,
    0.6952300499782745,
    0.025316232934277094,
    0.025316232934277094
  ]
}