{
  "_rows": [
    [
      0,
      1,
      6,
      9,
      13,
      16,
      22,
      30,
      32,
      50,
      54,
      66,
      69,
      79,
      81,
      91,
      93,
      103,
      157,
      176
    ],
    [
      0,
      1,
      2,
      3,
      4,
      5,
      6,
      7,
      8,
      9,
      10,
      11,
      12,
      13,
      14,
      15,
      16,
      17,
      18,
      19
    ],
    [
      0,
      1,
      2,
      3,
      4,
      5,
      6,
      7,
      8,
      9,
      10,
      11,
      12,
      13,
      14,
      15,
      16,
      17,
      18,
      19
    ],
    [
      30,
      34,
      48,
      49,
      61,
      95,
      110,
      119,
      122,
      127,
      133,
      135,
      150,
      152,
      154,
      157,
      163,
      166,
      171,
      173
    ],
    [
      0,
      1,
      2,
      3,
      4,
      5,
      6,
      7,
      8,
      9,
      10,
      11,
      12,
      13,
      14,
      15,
      16,
      17,
      18,
      19
    ],
    [
      0,
      1,
      2,
      3,
      4,
      5,
      6,
      7,
      8,
      9,
      10,
      11,
      12,
      13,
      14,
      15,
      16,
      17,
      18,
      19
    ]
  ],
  "_cols": [
    [
      0,
      1,
      2,
      3,
      4,
      5
    ],
    [
      0,
      1,
      2,
      3,
      4,
      5
    ],
    [
      0,
      1,
      2,
      3,
      4,
      5
    ],
    [
      2,
      2,
      3,
      3,
      4
    ],
    [
      2,
      2,
      3,
      3,
      4
    ],
    [
      2,
      2,
      3,
      3,
      4
    ]
  ],
  "rows_score": [
    0.0029465829917754705,
    0.24314337964571722,
    0.24314337964571722,
    0.04873320701922734,
    0,
    0
  ],
  "cols_score": [
    0.0,
    0.0029465829917754705,
    0.24314337964571722,
    0,
    0,
    0
  ],
  "rows_calc_time": [
    11.739094257354736,
    0.6313107013702393,
    0.6252799034118652,
    0,
    0.20245862007141113,
    0.20345616340637207
  ],
  "cols_calc_time": [
    11.739094257354736,
    0.6313107013702393,
    0.6252799034118652,
    0,
    0.20245862007141113,
    0.20345616340637207
  ],
  "total_score": [
    0.0029465829917754705,
    0.24314337964571722,
    0.24314337964571722,
    0,
    0,
    0
  ]
}