{
  "_rows": [
    [
      0,
      40,
      43,
      62,
      70,
      79,
      110,
      114,
      124,
      157
    ],
    [
      0,
      1,
      2,
      3,
      4,
      5,
      6,
      7,
      8,
      9
    ],
    [
      0,
      1,
      2,
      3,
      4,
      5,
      6,
      7,
      8,
      9
    ],
    [
      13,
      14,
      19,
      23,
      32,
      73,
      87,
      91,
      139,
      196
    ],
    [
      0,
      1,
      2,
      3,
      4,
      5,
      6,
      7,
      8,
      9
    ],
    [
      0,
      1,
      2,
      3,
      4,
      5,
      6,
      7,
      8,
      9
    ]
  ],
  "_cols": [
    [
      0,
      1,
      2,
      3,
      4,
      5,
      6,
      7,
      8,
      9
    ],
    [
      0,
      1,
      2,
      3,
      4,
      5,
      6,
      7,
      8,
      9
    ],
    [
      0,
      1,
      2,
      3,
      4,
      5,
      6,
      7,
      8,
      9
    ],
    [
      7,
      7,
      9
    ],
    [
      7,
      7,
      9
    ],
    [
      7,
      7,
      9
    ]
  ],
  "rows_score": [
    0.2631746048416057,
    0.4943073562938084,
    0.4943073562938084,
    0.13809486595637877,
    0.4927058255648047,
    0.4927058255648047
  ],
  "cols_score": [
    0.0,
    0.2631746048416057,
    0.4943073562938084,
    0.4927058255648047,
    0.21211584156093477,
    0.4927058255648047
  ],
  "rows_calc_time": [
    5.9888036251068115,
    0.24005508422851562,
    0.23911762237548828,
    0,
    0.31943559646606445,
    0.32456278800964355
  ],
  "cols_calc_time": [
    5.9888036251068115,
    0.24005508422851562,
    0.23911762237548828,
    0,
    0.31943559646606445,
    0.32456278800964355
  ],
  "total_score": [
    0.2631746048416057,
    0.4943073562938084,
    0.4943073562938084,
    0.21211584156093477,
    0.4927058255648047,
    0.4927058255648047
  ]
}