{
  "_rows": [
    [
      0,
      1,
      5,
      11,
      29,
      31,
      42,
      142,
      160,
      173
    ],
    [
      0,
      1,
      2,
      3,
      4,
      5,
      6,
      7,
      8,
      9
    ],
    [
      0,
      1,
      2,
      3,
      4,
      5,
      6,
      7,
      8,
      9
    ],
    [
      2,
      3,
      68,
      81,
      91,
      135,
      136,
      162,
      166,
      182
    ],
    [
      0,
      1,
      2,
      3,
      4,
      5,
      6,
      7,
      8,
      9
    ],
    [
      0,
      1,
      2,
      3,
      4,
      5,
      6,
      7,
      8,
      9
    ]
  ],
  "_cols": [
    [
      0,
      1,
      2,
      3,
      4,
      5,
      6,
      7,
      8,
      9
    ],
    [
      0,
      1,
      2,
      3,
      4,
      5,
      6,
      7,
      8,
      9
    ],
    [
      0,
      1,
      2,
      3,
      4,
      5,
      6,
      7,
      8,
      9
    ],
    [
      0,
      7,
      8
    ],
    [
      0,
      7,
      8
    ],
    [
      0,
      7,
      8
    ]
  ],
  "rows_score": [
    0.09094376117766495,
    0.025007351435503283,
    0.025007351435503283,
    0.05455962218878635,
    0.4795137993758505,
    0.4795137993758505
  ],
  "cols_score": [
    0.0,
    0.09094376117766495,
    0.025007351435503283,
    0.4795137993758505,
    0.736383302600849,
    0.4795137993758505
  ],
  "rows_calc_time": [
    10.998557806015015,
    0.3736245632171631,
    0.36339282989501953,
    0,
    0.0657203197479248,
    0.06619811058044434
  ],
  "cols_calc_time": [
    10.998557806015015,
    0.3736245632171631,
    0.36339282989501953,
    0,
    0.0657203197479248,
    0.06619811058044434
  ],
  "total_score": [
    0.09094376117766495,
    0.025007351435503283,
    0.025007351435503283,
    0.736383302600849,
    0.4795137993758505,
    0.4795137993758505
  ]
}