{
  "_rows": [
    [
      0,
      16,
      66,
      115,
      123,
      124,
      128,
      141,
      142,
      172
    ],
    [
      0,
      1,
      2,
      3,
      4,
      5,
      6,
      7,
      8,
      9
    ],
    [
      0,
      1,
      2,
      3,
      4,
      5,
      6,
      7,
      8,
      9
    ],
    [
      40,
      41,
      62,
      74,
      95,
      136,
      150,
      151,
      181,
      188
    ],
    [
      0,
      1,
      2,
      3,
      4,
      5,
      6,
      7,
      8,
      9
    ],
    [
      0,
      1,
      2,
      3,
      4,
      5,
      6,
      7,
      8,
      9
    ]
  ],
  "_cols": [
    [
      0,
      1,
      2,
      3,
      4,
      5,
      6,
      7,
      8,
      9,
      10,
      11,
      12,
      13
    ],
    [
      0,
      1,
      2,
      3,
      4,
      5,
      6,
      7,
      8,
      9,
      10,
      11,
      12,
      13
    ],
    [
      0,
      1,
      2,
      3,
      4,
      5,
      6,
      7,
      8,
      9,
      10,
      11,
      12,
      13
    ],
    [
      0,
      4,
      10,
      11,
      13
    ],
    [
      0,
      4,
      10,
      11,
      13
    ],
    [
      0,
      4,
      10,
      11,
      13
    ]
  ],
  "rows_score": [
    0.11073286252709891,
    0.9363390458425218,
    0.9363390458425218,
    0.05328016573057204,
    0.9300151361399013,
    0.9300151361399013
  ],
  "cols_score": [
    0.0,
    0.11073286252709891,
    0.9363390458425218,
    0.9300151361399013,
    0.11536834971517751,
    0.9300151361399013
  ],
  "rows_calc_time": [
    9.126108407974243,
    0.5046143531799316,
    0.5111534595489502,
    0,
    0.16954803466796875,
    0.1744987964630127
  ],
  "cols_calc_time": [
    9.126108407974243,
    0.5046143531799316,
    0.5111534595489502,
    0,
    0.16954803466796875,
    0.1744987964630127
  ],
  "total_score": [
    0.11073286252709891,
    0.9363390458425218,
    0.9363390458425218,
    0.11536834971517751,
    0.9300151361399013,
    0.9300151361399013
  ]
}