{
  "_rows": [
    [
      0,
      1,
      2,
      3,
      4,
      5,
      6,
      7,
      8,
      9
    ],
    [
      0,
      1,
      2,
      3,
      4,
      5,
      6,
      7,
      8,
      9
    ],
    [
      31,
      56,
      85,
      93,
      119,
      130,
      139,
      162,
      172,
      196
    ],
    [
      0,
      1,
      2,
      3,
      4,
      5,
      6,
      7,
      8,
      9
    ],
    [
      0,
      1,
      2,
      3,
      4,
      5,
      6,
      7,
      8,
      9
    ]
  ],
  "_cols": [
    [
      0,
      1,
      2,
      3,
      4,
      5,
      6
    ],
    [
      0,
      1,
      2,
      3,
      4,
      5,
      6
    ],
    [
      1,
      3,
      3,
      4,
      6
    ],
    [
      1,
      3,
      3,
      4,
      6
    ],
    [
      1,
      3,
      3,
      4,
      6
    ]
  ],
  "rows_score": [
    0.0058321899504757135,
    0.0058321899504757135,
    0.03571884134729386,
    0,
    0
  ],
  "cols_score": [
    0.0,
    0.0058321899504757135,
    0,
    0,
    0
  ],
  "rows_calc_time": [
    5.729887247085571,
    0.1486036777496338,
    0,
    0.25531721115112305,
    0.23038434982299805
  ],
  "cols_calc_time": [
    5.729887247085571,
    0.1486036777496338,
    0,
    0.25531721115112305,
    0.23038434982299805
  ],
  "total_score": [
    0.0058321899504757135,
    0.0058321899504757135,
    0,
    0,
    0
  ]
}