{
  "_rows": [
    [
      0,
      1,
      2,
      3,
      4,
      5,
      6,
      7,
      8,
      9,
      10,
      166,
      167,
      168,
      169,
      170,
      172,
      176,
      178,
      179
    ],
    [
      0,
      1,
      2,
      3,
      4,
      5,
      6,
      7,
      8,
      9,
      10,
      11,
      12,
      13,
      14,
      15,
      16,
      17,
      18,
      19
    ],
    [
      0,
      1,
      2,
      3,
      4,
      5,
      6,
      7,
      8,
      9,
      10,
      11,
      12,
      13,
      14,
      15,
      16,
      17,
      18,
      19
    ],
    [
      5,
      11,
      27,
      53,
      55,
      65,
      70,
      94,
      102,
      106,
      110,
      126,
      131,
      135,
      137,
      159,
      166,
      183,
      187,
      196
    ],
    [
      0,
      1,
      2,
      3,
      4,
      5,
      6,
      7,
      8,
      9,
      10,
      11,
      12,
      13,
      14,
      15,
      16,
      17,
      18,
      19
    ],
    [
      0,
      1,
      2,
      3,
      4,
      5,
      6,
      7,
      8,
      9,
      10,
      11,
      12,
      13,
      14,
      15,
      16,
      17,
      18,
      19
    ]
  ],
  "_cols": [
    [
      0,
      1,
      2,
      3,
      4,
      5,
      6,
      7,
      8,
      9,
      10,
      11,
      12,
      13
    ],
    [
      0,
      1,
      2,
      3,
      4,
      5,
      6,
      7,
      8,
      9,
      10,
      11,
      12,
      13
    ],
    [
      0,
      1,
      2,
      3,
      4,
      5,
      6,
      7,
      8,
      9,
      10,
      11,
      12,
      13
    ],
    [
      6,
      9,
      9
    ],
    [
      6,
      9,
      9
    ],
    [
      6,
      9,
      9
    ]
  ],
  "rows_score": [
    1.8909879385215667,
    1.9506603256126613,
    1.9506603256126613,
    2.39982885928684,
    0,
    0
  ],
  "cols_score": [
    0.0,
    1.8909879385215667,
    1.9506603256126613,
    0,
    0,
    0
  ],
  "rows_calc_time": [
    5.119053840637207,
    0.3296175003051758,
    0.3211805820465088,
    0,
    0.3011903762817383,
    0.29486536979675293
  ],
  "cols_calc_time": [
    5.119053840637207,
    0.3296175003051758,
    0.3211805820465088,
    0,
    0.3011903762817383,
    0.29486536979675293
  ],
  "total_score": [
    1.8909879385215667,
    1.9506603256126613,
    1.9506603256126613,
    0,
    0,
    0
  ]
}